s_m,lon,lat,B_m,C_1m
0.000000,115.058961,35.375072,627.920000,0.001577
98.720000,115.060045,35.375067,657.820000,0.000771
197.450000,115.060978,35.374802,657.820000,0.000000
296.170000,115.062065,35.374802,612.970000,0.000017
394.890000,115.062995,35.374533,598.020000,-0.000819
493.610000,115.064082,35.374533,568.120000,-0.000849
592.330000,115.065168,35.374533,538.220000,-0.000819
691.050000,115.066248,35.374544,538.220000,-0.001654
789.780000,115.067185,35.374802,478.420000,0.000000
888.500000,115.068116,35.375072,418.610000,0.001685
987.220000,115.069202,35.375072,388.710000,0.001638
987.220000,115.069202,35.375072,493.370000,0.001015
1085.920000,115.069891,35.375760,254.160000,0.000489
1184.630000,115.070678,35.376278,209.310000,-0.002080
1283.330000,115.071358,35.376969,209.310000,-0.002619
1382.040000,115.071429,35.377838,239.210000,0.001026
1480.740000,115.071897,35.378590,313.960000,0.001039
1579.450000,115.072487,35.379166,343.860000,-0.001026
1678.150000,115.072759,35.379976,358.810000,0.000061
1776.850000,115.073238,35.380725,388.710000,0.000167
1875.560000,115.073718,35.381475,433.570000,-0.000543
1974.260000,115.074053,35.382266,448.520000,0.000746
2072.970000,115.074469,35.383034,508.320000,0.001071
2171.670000,115.075158,35.383723,508.320000,-0.000832
2270.380000,115.075638,35.384472,493.370000,-0.000836
2369.080000,115.075940,35.385273,523.270000,0.000915
2467.790000,115.076479,35.386005,538.220000,0.000610
2566.490000,115.077077,35.386720,553.170000,-0.000995
2665.200000,115.077557,35.387469,598.020000,-0.000844
2763.900000,115.077828,35.388279,583.070000,0.000144
2862.610000,115.078308,35.389029,568.120000,0.000542
2961.310000,115.078635,35.389823,598.020000,0.000789
3060.020000,115.079268,35.390527,612.970000,0.000000
3158.720000,115.079748,35.391277,598.020000,-0.000177
3257.430000,115.080228,35.392026,583.070000,0.000000
3356.130000,115.080791,35.392751,598.020000,-0.000428
3454.840000,115.081187,35.393525,583.070000,-0.000000
3553.540000,115.081667,35.394274,583.070000,0.000215
3652.250000,115.082147,35.395023,568.120000,0.000000
3750.950000,115.082627,35.395773,612.970000,0.000000
3849.650000,115.083107,35.396522,583.070000,0.000000
3948.360000,115.083586,35.397271,598.020000,0.000045
4047.060000,115.084066,35.398021,568.120000,0.000528
4145.770000,115.084563,35.398765,598.020000,0.000440
4244.470000,115.085234,35.399458,627.920000,-0.000000
4343.180000,115.085714,35.400208,583.070000,0.000043
4441.880000,115.086403,35.400896,583.070000,-0.000528
4540.590000,115.086882,35.401645,568.120000,-0.000528
4639.290000,115.087362,35.402395,508.320000,0.000000
4738.000000,115.087842,35.403144,523.270000,0.000528
4836.700000,115.088322,35.403893,478.420000,0.000338
4935.410000,115.089010,35.404582,538.220000,-0.000571
5034.110000,115.089414,35.405353,478.420000,-0.000144
5132.820000,115.089953,35.406085,493.370000,0.000345
5231.520000,115.090450,35.406830,493.370000,0.000215
5330.230000,115.091031,35.407549,478.420000,-0.000029
5428.930000,115.091570,35.408281,478.420000,0.000740
5527.640000,115.092098,35.409017,523.270000,0.001264
5626.340000,115.092885,35.409534,448.520000,0.000388
5725.050000,115.093573,35.410223,403.660000,-0.000000
5823.750000,115.094360,35.410740,358.810000,-0.000142
5922.460000,115.095049,35.411429,299.010000,0.000000
6021.160000,115.095809,35.411993,254.160000,0.000548
6119.860000,115.096524,35.412635,224.260000,0.000747
6218.570000,115.097359,35.413071,209.310000,0.000909
6317.270000,115.098133,35.413610,179.410000,0.000757
6415.980000,115.099064,35.413879,179.410000,0.000937
6514.680000,115.099870,35.414364,224.260000,0.001380
6613.390000,115.100925,35.414418,239.210000,-0.000367
6712.090000,115.101840,35.414716,284.060000,-0.001170
6810.800000,115.102726,35.415063,269.110000,0.000730
6909.500000,115.103611,35.415410,328.910000,0.001159
7008.210000,115.104648,35.415496,358.810000,-0.000619
7106.910000,115.105579,35.415766,418.610000,-0.000621
7205.620000,115.106467,35.416109,373.760000,0.000511
7304.320000,115.107440,35.416305,418.610000,-0.000000
7403.030000,115.108371,35.416574,448.520000,-0.000254
7501.730000,115.109302,35.416844,448.520000,-0.000000
7600.440000,115.110232,35.417113,448.520000,0.000000
7699.140000,115.111163,35.417383,493.370000,0.000230
7797.850000,115.112094,35.417652,478.420000,0.000903
7896.550000,115.113063,35.417855,448.520000,0.000455
7995.260000,115.114111,35.417922,478.420000,-0.000069
8093.960000,115.115041,35.418191,478.420000,-0.000685
8192.670000,115.116116,35.418212,493.370000,-0.002539
8291.370000,115.116903,35.418730,478.420000,-0.003412
8291.370000,115.116903,35.418730,478.420000,0.000000
8361.360000,115.117673,35.418730,418.610000,0.001667
8431.350000,115.118444,35.418730,538.220000,0.003513
8501.340000,115.119059,35.418461,702.670000,0.003692
8501.340000,115.119059,35.418461,448.520000,0.001483
8599.180000,115.119840,35.418972,478.420000,0.002379
8697.020000,115.120745,35.419269,508.320000,0.001873
8794.860000,115.121797,35.419313,493.370000,-0.000531
8892.690000,115.122744,35.419539,508.320000,-0.000920
8990.530000,115.123665,35.419808,538.220000,0.000766
9088.370000,115.124587,35.420078,538.220000,0.000959
9186.210000,115.125664,35.420078,538.220000,0.000000
9284.050000,115.126592,35.420335,538.220000,0.000281
9381.890000,115.127663,35.420347,568.120000,-0.000000
9479.730000,115.128649,35.420505,568.120000,-0.000694
9577.570000,115.129661,35.420617,568.120000,-0.000000
9675.410000,115.130583,35.420886,598.020000,0.001208
9773.250000,115.131660,35.420886,598.020000,0.000834
9871.090000,115.132737,35.420886,568.120000,-0.001754
9968.930000,115.133815,35.420886,627.920000,-0.001754
10066.760000,115.134580,35.421425,627.920000,0.001754
10164.600000,115.135657,35.421425,598.020000,0.001754
10262.440000,115.136735,35.421425,568.120000,0.000000
10360.280000,115.137812,35.421425,568.120000,-0.000834
10458.120000,115.138889,35.421425,598.020000,-0.000834
10555.960000,115.139811,35.421695,598.020000,0.000834
10653.800000,115.140888,35.421695,598.020000,0.001669
10653.800000,115.140888,35.421695,971.780000,-0.000000
10746.080000,115.141531,35.422338,926.930000,-0.000575
10838.360000,115.142175,35.422982,1076.440000,0.001196
10930.640000,115.142610,35.423686,553.170000,0.005760
11022.910000,115.143531,35.423851,463.470000,0.005579
11115.190000,115.144391,35.423581,463.470000,0.003180
11115.190000,115.144391,35.423581,448.520000,0.001375
11203.050000,115.144196,35.422846,732.580000,0.002047
11290.910000,115.143791,35.422173,1091.390000,0.001359
11378.770000,115.143179,35.421560,1076.440000,-0.000670
11466.630000,115.142774,35.420886,1270.790000,-0.001341
11466.630000,115.142774,35.420886,478.420000,-0.002531
11550.620000,115.143543,35.420617,478.420000,-0.002409
11634.600000,115.144468,35.420617,418.610000,-0.001143
11718.590000,115.145393,35.420617,388.710000,-0.001143
11802.570000,115.146317,35.420617,388.710000,-0.002409
11886.560000,115.147086,35.420886,403.660000,-0.002531
11886.560000,115.147086,35.420886,463.470000,-0.002373
11973.190000,115.147884,35.420617,418.610000,-0.002259
12059.820000,115.148838,35.420617,358.810000,-0.002145
12146.440000,115.149792,35.420617,388.710000,-0.002259
12233.070000,115.150590,35.420886,523.270000,-0.002373
12233.070000,115.150590,35.420886,762.480000,-0.002249
12321.960000,115.151412,35.420617,358.810000,-0.002141
12410.840000,115.152391,35.420617,328.910000,-0.001017
12499.720000,115.153370,35.420617,328.910000,-0.001017
12588.600000,115.154348,35.420617,717.630000,-0.002141
12677.480000,115.155171,35.420886,762.480000,-0.002249
12677.480000,115.155171,35.420886,448.520000,-0.000160
12775.660000,115.156096,35.420617,418.610000,-0.000913
12873.850000,115.157035,35.420370,388.710000,-0.001595
12972.030000,115.158102,35.420347,358.810000,0.000000
13070.220000,115.159183,35.420347,358.810000,0.000949
13168.400000,115.160109,35.420078,328.910000,0.000000
13266.590000,115.161157,35.420021,313.960000,-0.000370
13364.770000,115.162115,35.419808,328.910000,-0.000828
13462.960000,115.163196,35.419808,299.010000,0.000183
13561.140000,115.164277,35.419808,328.910000,0.000959
13659.330000,115.165202,35.419539,328.910000,0.000000
13757.510000,115.166260,35.419499,343.860000,-0.000260
13855.700000,115.167208,35.419269,358.810000,-0.000828
13953.880000,115.168290,35.419269,358.810000,0.000129
14052.070000,115.169371,35.419269,358.810000,0.000828
14150.250000,115.170296,35.419000,388.710000,0.000000
14248.440000,115.171377,35.419000,418.610000,-0.000828
14346.620000,115.172302,35.418730,388.710000,-0.002569
14444.810000,115.173227,35.419000,493.370000,-0.003482
14444.810000,115.173227,35.419000,1794.060000,0.000000
14527.030000,115.173227,35.419741,1794.060000,0.000000
14609.260000,115.173227,35.420482,1794.060000,0.000000
14691.480000,115.173227,35.421223,941.880000,0.000000
14773.710000,115.173227,35.421964,1181.090000,0.000000
14773.710000,115.173227,35.421964,657.820000,0.001863
14866.460000,115.174248,35.421964,433.570000,0.001960
14959.200000,115.175114,35.421695,657.820000,0.002057
14959.200000,115.175114,35.421695,1001.690000,-0.000969
15044.880000,115.175114,35.420922,598.020000,-0.002532
15130.550000,115.175266,35.420195,1016.640000,-0.003519
15216.230000,115.175864,35.419597,777.430000,-0.001472
15301.900000,115.176461,35.419000,837.230000,0.000000
15301.900000,115.177809,35.419000,1794.060000,0.000000
15401.570000,115.177809,35.419898,1584.760000,0.000000
15501.230000,115.177809,35.420796,852.180000,0.000000
15600.900000,115.177809,35.421695,1016.640000,0.000000
15600.900000,115.179695,35.421695,956.830000,0.000000
15693.510000,115.179695,35.420860,837.230000,-0.000744
15786.130000,115.179695,35.420025,1240.890000,-0.001533
15878.740000,115.179965,35.419269,1240.890000,-0.001578
15878.740000,115.179426,35.418461,926.930000,0.000000
15963.710000,115.179810,35.417807,956.830000,0.000000
16048.690000,115.180194,35.417153,1031.590000,-0.000000
16133.660000,115.180578,35.416500,672.770000,-0.002993
16218.640000,115.180962,35.415846,358.810000,-0.005956
16303.610000,115.181851,35.415766,433.570000,-0.005925
16303.610000,115.181851,35.415766,583.070000,-0.002961
16392.560000,115.182263,35.415084,478.420000,-0.004711
16481.510000,115.183013,35.414688,328.910000,-0.005782
16570.460000,115.183992,35.414688,463.470000,-0.003674
16659.410000,115.184815,35.414957,493.370000,-0.002245
16659.410000,115.184815,35.414957,313.960000,0.001622
16758.600000,115.185908,35.414957,343.860000,0.000811
16857.790000,115.186844,35.414688,343.860000,-0.000000
16956.990000,115.187936,35.414688,373.760000,-0.000552
17056.180000,115.188872,35.414418,388.710000,-0.002516
17155.370000,115.189855,35.414607,837.230000,-0.002520
17254.560000,115.190744,35.414957,882.080000,-0.001113
17254.560000,115.190744,35.414957,807.330000,-0.000556
17353.430000,115.191730,35.414780,463.470000,-0.001649
17452.300000,115.192766,35.414688,478.420000,-0.001633
17551.170000,115.193698,35.414957,418.610000,0.000555
17650.040000,115.194787,35.414957,388.710000,0.000817
17748.910000,115.195875,35.414957,358.810000,-0.000568
17847.780000,115.196964,35.414957,388.710000,-0.000817
17946.650000,115.197942,35.415148,343.860000,0.000340
18045.520000,115.198985,35.415227,358.810000,0.000817
18144.390000,115.200074,35.415227,328.910000,-0.000589
18243.260000,115.201162,35.415227,358.810000,-0.002650
18342.130000,115.202095,35.415496,403.660000,-0.002740
18441.000000,115.202872,35.416035,538.220000,-0.001813
18441.000000,115.202872,35.416035,448.520000,-0.000179
18515.710000,115.203694,35.416035,538.220000,-0.003070
18590.430000,115.204506,35.416053,478.420000,-0.005832
18665.140000,115.205028,35.416574,612.970000,-0.005703
18665.140000,115.205028,35.416574,508.320000,-0.002056
18740.500000,115.205857,35.416574,508.320000,-0.003096
18815.850000,115.206573,35.416772,523.270000,-0.003961
18891.210000,115.207197,35.417127,463.470000,-0.002775
18966.560000,115.207722,35.417652,523.270000,-0.001763
18966.560000,115.207722,35.417652,1255.840000,0.002733
19059.050000,115.207077,35.418297,1539.900000,0.004080
19151.540000,115.206914,35.419083,1031.590000,0.005064
19244.030000,115.207207,35.419831,762.480000,0.005567
19336.530000,115.207852,35.420476,493.370000,0.006341
19429.020000,115.208694,35.420453,717.630000,0.003624
19521.510000,115.209339,35.420347,747.530000,0.001001
19521.510000,115.209339,35.420347,971.780000,0.004903
19598.210000,115.209973,35.419983,897.030000,0.004408
19674.910000,115.210148,35.419343,1749.210000,0.001544
19751.610000,115.210417,35.418730,1794.060000,-0.000824
19751.610000,115.210417,35.418730,508.320000,0.000000
19846.080000,115.211458,35.418730,478.420000,-0.000897
19940.540000,115.212498,35.418730,478.420000,-0.001887
20035.010000,115.213382,35.419000,538.220000,-0.001980
20035.010000,115.214729,35.419000,1704.360000,0.000000
20134.370000,115.214729,35.419895,1510.000000,0.000479
20233.730000,115.214729,35.420791,897.030000,0.000645
20333.090000,115.214931,35.421627,792.380000,-0.000163
20432.450000,115.214999,35.422503,284.060000,-0.000657
20432.450000,115.214999,35.422503,463.470000,0.004409
20531.800000,115.216087,35.422493,538.220000,0.004892
20631.140000,115.216780,35.421800,732.580000,0.002687
20730.480000,115.217264,35.421046,1106.340000,0.000521
20829.830000,115.217957,35.420353,1240.890000,0.001597
20929.170000,115.218233,35.419539,1794.060000,0.002153
20929.170000,115.218233,35.419539,538.220000,0.001580
21027.820000,115.219316,35.419533,568.120000,0.001060
21126.470000,115.220249,35.419269,568.120000,-0.000000
21225.130000,115.221285,35.419181,553.170000,-0.000547
21323.780000,115.222266,35.419000,538.220000,-0.001640
21422.440000,115.223352,35.419000,538.220000,-0.001363
21521.090000,115.224282,35.419269,508.320000,0.000820
21619.740000,115.225369,35.419269,508.320000,-0.000000
21718.400000,115.226455,35.419269,508.320000,-0.000820
21817.050000,115.227385,35.419539,538.220000,0.000820
21915.700000,115.228472,35.419539,538.220000,0.000000
22014.360000,115.229558,35.419539,568.120000,-0.000820
22113.010000,115.230488,35.419808,493.370000,0.000820
22211.660000,115.231574,35.419808,448.520000,0.000820
22310.320000,115.232661,35.419808,299.010000,-0.000820
22408.970000,115.233747,35.419808,388.710000,-0.001415
22507.630000,115.234677,35.420078,388.710000,-0.000281
22606.280000,115.235660,35.420257,403.660000,0.000300
22704.930000,115.236644,35.420433,373.760000,-0.000329
22803.590000,115.237624,35.420617,388.710000,0.000295
22902.240000,115.238554,35.420886,328.910000,0.000609
23000.890000,115.239641,35.420886,328.910000,-0.001106
23099.550000,115.240571,35.421156,328.910000,-0.001375
23198.200000,115.241468,35.421483,313.960000,-0.000335
23296.850000,115.242353,35.421830,328.910000,-0.000066
23395.510000,115.243239,35.422177,313.960000,-0.000597
23494.160000,115.244125,35.422523,299.010000,-0.000593
23592.820000,115.244911,35.423042,299.010000,0.000602
23691.470000,115.245797,35.423387,313.960000,0.000593
23790.120000,115.246683,35.423734,284.060000,-0.001076
23888.780000,115.247568,35.424081,269.110000,-0.002224
23987.430000,115.248147,35.424659,269.110000,-0.002306
23987.430000,115.248147,35.424659,1794.060000,0.004935
24081.720000,115.247608,35.425351,598.020000,0.005260
24176.020000,115.247967,35.426096,269.110000,0.003048
24270.320000,115.248416,35.426815,612.970000,0.000511
24270.320000,115.248416,35.427623,269.110000,0.002037
24362.800000,115.249123,35.428162,254.160000,0.002085
24455.280000,115.249985,35.428432,269.110000,0.001066
24547.750000,115.250847,35.428701,523.270000,0.001035
24640.230000,115.251710,35.428971,627.920000,0.001972
24732.710000,115.252728,35.428971,717.630000,0.001874
24732.710000,115.252728,35.428971,747.530000,-0.005684
24808.700000,115.253554,35.428989,612.970000,-0.005648
24884.690000,115.254085,35.429519,568.120000,-0.002806
24960.680000,115.254615,35.430049,418.610000,-0.000000
24960.680000,115.254615,35.430049,418.610000,-0.001635
25044.830000,115.255399,35.430294,598.020000,-0.001621
25128.970000,115.256085,35.430711,568.120000,-0.000804
25213.120000,115.256770,35.431127,627.920000,-0.000000
25213.120000,115.256770,35.431127,1345.550000,-0.005628
25307.790000,115.257501,35.430588,1210.990000,-0.005753
25402.450000,115.258387,35.430857,687.720000,-0.003958
25497.120000,115.259274,35.431127,642.870000,-0.001997
25591.780000,115.260004,35.431666,612.970000,-0.001957
25591.780000,115.260004,35.431666,1091.390000,0.000000
25681.930000,115.259376,35.432295,852.180000,0.000000
25772.090000,115.258747,35.432923,1435.250000,0.000000
25862.240000,115.258118,35.433552,1240.890000,0.000000
25862.240000,115.258657,35.434091,612.970000,0.000093
25937.830000,115.258657,35.434773,358.810000,0.002321
26013.420000,115.258669,35.435451,299.010000,0.004490
26089.010000,115.259196,35.435978,328.910000,0.004432
26089.010000,115.259196,35.435978,1794.060000,0.000000
26179.160000,115.259825,35.435349,1614.660000,0.000000
26269.320000,115.260454,35.434720,852.180000,0.000000
26359.470000,115.261082,35.434091,1091.390000,0.000000
26359.470000,115.261082,35.434091,299.010000,-0.002007
26458.740000,115.261621,35.434687,328.910000,-0.002835
26558.000000,115.261891,35.435503,553.170000,-0.004237
26657.270000,115.261775,35.436363,837.230000,-0.003831
26756.530000,115.261082,35.437056,1569.810000,-0.002852
26756.530000,115.261082,35.437056,508.320000,0.001939
26848.320000,115.261306,35.437818,523.270000,0.002317
26940.100000,115.261804,35.438403,553.170000,0.000462
27031.890000,115.262430,35.439002,538.220000,-0.002037
27123.680000,115.262699,35.439751,538.220000,-0.002303
27123.680000,115.262699,35.439751,642.870000,0.005183
27219.950000,115.262160,35.440319,687.720000,0.004823
27316.210000,115.262430,35.441108,269.110000,0.002253
27412.470000,115.262692,35.441899,269.110000,0.000983
27508.740000,115.262969,35.442686,224.260000,0.002012
27605.000000,115.263508,35.443254,194.360000,0.002099
27605.000000,115.264047,35.443793,463.470000,-0.000000
27697.290000,115.264751,35.444332,493.370000,0.002093
27789.590000,115.265456,35.444871,583.070000,0.004073
27881.880000,115.266472,35.444871,897.030000,0.003960
27881.880000,115.266472,35.444871,448.520000,-0.000644
27978.200000,115.266936,35.445604,373.760000,0.000000
28074.510000,115.267281,35.446371,373.760000,0.000727
28170.830000,115.267862,35.447069,373.760000,-0.000000
28267.150000,115.268359,35.447793,328.910000,-0.001469
28363.470000,115.268789,35.448535,343.860000,-0.001501
28459.790000,115.268898,35.449371,358.810000,-0.000252
28556.110000,115.269167,35.450161,388.710000,-0.000291
28652.420000,115.269344,35.450977,523.270000,-0.000932
28748.740000,115.269437,35.451818,553.170000,-0.000687
28845.060000,115.269437,35.452686,642.870000,-0.000459
28845.060000,115.269437,35.452686,568.120000,0.000000
28939.720000,115.269888,35.453408,583.070000,-0.000994
29034.370000,115.270340,35.454129,538.220000,-0.001121
29129.030000,115.271054,35.454632,478.420000,0.000866
29223.680000,115.271551,35.455340,463.470000,0.001121
29318.340000,115.272003,35.456061,433.570000,-0.000447
29412.990000,115.272454,35.456782,373.760000,-0.000337
29507.650000,115.273115,35.457442,388.710000,0.000575
29602.300000,115.273479,35.458189,313.960000,-0.000146
29696.960000,115.274018,35.458885,328.910000,-0.000966
29696.960000,115.274018,35.458885,299.010000,-0.001525
29779.470000,115.274385,35.459521,358.810000,-0.002216
29861.980000,115.274961,35.460097,328.910000,-0.002249
29944.490000,115.275635,35.460502,373.760000,-0.001591
29944.490000,115.275635,35.460502,1480.100000,0.003197
30029.450000,115.276228,35.459909,1794.060000,0.006817
30114.400000,115.277039,35.459693,418.610000,0.011091
30199.360000,115.277522,35.460206,313.960000,0.009465
30284.320000,115.277522,35.460971,598.020000,0.005456
30369.270000,115.276983,35.461580,1091.390000,0.003728
30369.270000,115.276983,35.461580,328.910000,-0.001608
30449.680000,115.277335,35.462202,313.960000,-0.002130
30530.090000,115.277896,35.462763,254.160000,-0.001532
30610.500000,115.278530,35.463197,313.960000,0.000375
30690.910000,115.279117,35.463714,284.060000,0.000771
30771.320000,115.279678,35.464275,299.010000,0.000382
30771.320000,115.279678,35.464275,1794.060000,0.005878
30850.720000,115.280240,35.463736,837.230000,0.009779
30930.130000,115.281082,35.463793,209.310000,0.012620
31009.530000,115.281294,35.464446,418.610000,0.007651
31088.930000,115.281025,35.465083,583.070000,0.003743
31088.930000,115.281025,35.465083,269.110000,-0.001033
31182.890000,115.281472,35.465800,284.060000,-0.000584
31276.850000,115.282103,35.466462,269.110000,-0.000689
31370.810000,115.282574,35.467171,269.110000,-0.001115
31464.760000,115.283329,35.467656,299.010000,-0.001098
31558.720000,115.283984,35.468312,254.160000,-0.000054
31652.680000,115.284837,35.468626,299.010000,0.001166
31746.640000,115.285284,35.469342,284.060000,0.000021
31840.600000,115.286038,35.469827,284.060000,-0.000561
31934.560000,115.286699,35.470473,328.910000,-0.001175
32028.510000,115.287448,35.470967,313.960000,-0.001898
32122.470000,115.288301,35.471282,388.710000,-0.001381
32122.470000,115.288301,35.471282,403.660000,-0.003120
32221.570000,115.288575,35.472095,328.910000,-0.002605
32320.660000,115.289366,35.472615,358.810000,-0.001045
32419.760000,115.290057,35.473307,358.810000,-0.000000
32518.860000,115.290847,35.473827,358.810000,-0.000542
32617.960000,115.291539,35.474519,418.610000,-0.000542
32717.050000,115.292428,35.474869,403.660000,0.000000
32816.150000,115.293119,35.475560,418.610000,-0.000571
32915.250000,115.294008,35.475910,433.570000,0.000542
33014.350000,115.294798,35.476431,448.520000,0.000595
33113.440000,115.295490,35.477122,448.520000,-0.000542
33212.540000,115.296374,35.477480,448.520000,0.000494
33311.640000,115.297070,35.478164,478.420000,0.000512
33410.740000,115.297860,35.478685,448.520000,-0.000817
33509.830000,115.298557,35.479366,493.370000,-0.002226
33608.930000,115.299493,35.479636,508.320000,-0.001415
33708.030000,115.300429,35.479905,553.170000,0.000000
33708.030000,115.300429,35.479905,598.020000,-0.000115
33806.020000,115.301112,35.480589,538.220000,-0.000515
33904.010000,115.301807,35.481253,538.220000,-0.000395
34002.010000,115.302579,35.481786,508.320000,0.000000
34100.000000,115.303262,35.482469,478.420000,-0.000616
34197.990000,115.304045,35.482983,448.520000,-0.000000
34295.980000,115.304827,35.483496,403.660000,0.000752
34393.980000,115.305511,35.484179,373.760000,-0.000554
34491.970000,115.306256,35.484756,328.910000,-0.001501
34589.960000,115.307076,35.485205,373.760000,-0.001185
34687.950000,115.307948,35.485565,358.810000,0.000000
34785.950000,115.308839,35.485890,373.760000,0.000601
34883.940000,115.309639,35.486373,343.860000,-0.000330
34981.930000,115.310503,35.486746,358.810000,-0.000601
35079.920000,115.311384,35.487088,313.960000,-0.000291
35177.910000,115.312266,35.487431,299.010000,-0.000442
35275.910000,115.313178,35.487721,299.010000,-0.000329
35373.900000,115.314101,35.487990,299.010000,-0.000316
35471.890000,115.315025,35.488260,299.010000,-0.000917
35569.880000,115.315989,35.488459,284.060000,-0.000427
35667.880000,115.317029,35.488529,299.010000,0.000917
35765.870000,115.317950,35.488803,299.010000,0.000657
35863.860000,115.318876,35.489068,299.010000,-0.000410
35961.850000,115.319800,35.489338,299.010000,-0.000725
36059.850000,115.320792,35.489489,269.110000,0.000324
36157.840000,115.321772,35.489661,269.110000,0.000553
36255.830000,115.322654,35.490003,299.010000,-0.001233
36353.820000,115.323651,35.490146,269.110000,-0.001562
36451.810000,115.324731,35.490146,209.310000,-0.000428
36549.810000,115.325810,35.490146,179.410000,0.000000
36647.800000,115.326890,35.490146,179.410000,-0.000832
36745.790000,115.327970,35.490146,299.010000,-0.000832
36843.780000,115.328894,35.489877,299.010000,0.000508
36941.780000,115.329974,35.489877,358.810000,0.000000
37039.770000,115.330991,35.489768,313.960000,-0.000159
37137.760000,115.331977,35.489607,358.810000,0.000832
37235.750000,115.333057,35.489607,328.910000,0.000483
37333.750000,115.334137,35.489607,299.010000,0.000000
37431.740000,115.335217,35.489607,299.010000,0.000000
37529.730000,115.336297,35.489607,328.910000,0.000000
37627.720000,115.337377,35.489607,328.910000,0.000000
37725.710000,115.338457,35.489607,328.910000,0.000000
37823.710000,115.339537,35.489607,328.910000,0.000000
37921.700000,115.340617,35.489607,328.910000,0.000068
38019.690000,115.341696,35.489607,418.610000,0.000832
38117.680000,115.342763,35.489631,373.760000,0.000687
38215.680000,115.343700,35.489877,358.810000,-0.000000
38313.670000,115.344780,35.489877,358.810000,0.000993
38411.660000,115.345704,35.490146,403.660000,0.001833
38411.660000,115.345704,35.490146,373.760000,0.002253
38500.470000,115.346526,35.489877,388.710000,0.002145
38589.290000,115.347505,35.489877,328.910000,0.002037
38678.100000,115.348484,35.489877,328.910000,0.001019
38766.910000,115.349306,35.490146,328.910000,-0.001019
38855.730000,115.350285,35.490146,328.910000,-0.002037
38855.730000,115.350285,35.490146,358.810000,0.001959
38950.670000,115.351175,35.489877,269.110000,0.003050
39045.610000,115.352222,35.489877,299.010000,0.004521
39140.560000,115.353063,35.490230,254.160000,0.003479
39235.500000,115.353726,35.490892,269.110000,0.002142
39330.440000,115.354388,35.491554,224.260000,0.002326
39425.380000,115.354633,35.492338,194.360000,0.001144
39520.330000,115.354867,35.493126,224.260000,0.000578
39615.270000,115.355136,35.493903,254.160000,0.000646
39710.210000,115.355136,35.494759,254.160000,-0.000749
39805.150000,115.355405,35.495536,313.960000,-0.001498
39805.150000,115.357022,35.496884,104.650000,0.000000
39890.730000,115.356079,35.496884,717.630000,0.000000
39976.310000,115.355136,35.496884,1016.640000,0.000000
39976.310000,115.355136,35.496884,299.010000,-0.002125
40072.530000,115.354673,35.497616,299.010000,-0.000853
40168.750000,115.354597,35.498461,269.110000,0.000000
40264.970000,115.354058,35.499171,254.160000,-0.000586
40361.200000,115.354058,35.500038,209.310000,0.000321
40457.420000,115.353657,35.500788,239.210000,0.001438
40553.640000,115.353403,35.501581,269.110000,0.001297
40649.860000,115.352731,35.502253,284.060000,-0.000000
40746.080000,115.352268,35.502985,313.960000,0.000000
40842.300000,115.351806,35.503717,313.960000,0.001083
40938.530000,115.351134,35.504389,373.760000,0.000528
41034.750000,115.350463,35.505060,373.760000,-0.000919
41130.970000,115.349792,35.505731,313.960000,-0.001083
41227.190000,115.349477,35.506507,328.910000,0.000232
41323.410000,115.348866,35.507196,343.860000,-0.000517
41419.630000,115.348403,35.507928,358.810000,-0.001543
41515.850000,115.348129,35.508715,343.860000,0.000197
41612.080000,115.347895,35.509514,358.810000,0.000925
41708.300000,115.347321,35.510214,373.760000,-0.000561
41804.520000,115.347051,35.511003,358.810000,-0.000097
41900.740000,115.346715,35.511772,358.810000,0.000880
41996.960000,115.346243,35.512501,328.910000,0.000292
42093.180000,115.345790,35.513236,328.910000,-0.000572
42189.410000,115.345327,35.513969,358.810000,-0.000587
42285.630000,115.345073,35.514762,328.910000,-0.000000
42381.850000,115.344626,35.515499,358.810000,-0.000448
42478.070000,115.344356,35.516287,343.860000,-0.000981
42478.070000,115.344356,35.516287,583.070000,0.000000
42577.710000,115.345051,35.516982,642.870000,0.002133
42677.340000,115.345747,35.517678,388.710000,0.008920
42776.980000,115.345504,35.518373,478.420000,0.011655
42876.610000,115.344611,35.518159,1495.050000,0.005813
42976.250000,115.343817,35.517635,911.980000,0.001889
42976.250000,115.343817,35.517635,299.010000,0.001123
43075.140000,115.343548,35.518447,328.910000,0.000703
43174.030000,115.343063,35.519197,313.960000,-0.001114
43272.920000,115.342739,35.519994,269.110000,-0.002042
43371.800000,115.342739,35.520885,179.410000,0.000603
43470.690000,115.342739,35.521777,358.810000,0.003657
43569.580000,115.342181,35.522505,448.520000,0.003125
43668.470000,115.341392,35.523025,478.420000,0.001715
43668.470000,115.341392,35.523025,343.860000,0.001284
43767.980000,115.341392,35.523921,388.710000,0.001003
43867.490000,115.341122,35.524740,433.570000,0.000914
43967.000000,115.340978,35.525594,448.520000,0.001429
44066.510000,115.340492,35.526350,508.320000,0.000876
44166.020000,115.340006,35.527105,538.220000,-0.000534
44265.530000,115.339521,35.527860,523.270000,-0.001601
44365.040000,115.339243,35.528676,538.220000,-0.000538
44464.550000,115.339175,35.529553,538.220000,0.001068
44564.060000,115.338689,35.530308,538.220000,-0.000000
44663.570000,115.338412,35.531125,538.220000,-0.000616
44763.080000,115.338135,35.531941,583.070000,0.000538
44862.590000,115.337888,35.532766,568.120000,0.000733
44962.090000,115.337372,35.533512,568.120000,-0.000518
45061.600000,115.337080,35.534324,538.220000,-0.001223
45161.110000,115.336810,35.535142,583.070000,0.000499
45260.620000,115.336750,35.536021,538.220000,0.001106
45360.130000,115.336055,35.536716,553.170000,-0.001105
45459.640000,115.335987,35.537592,538.220000,-0.000616
45559.150000,115.335732,35.538415,538.220000,0.001183
45658.660000,115.335463,35.539233,523.270000,0.000694
45758.170000,115.334947,35.539980,538.220000,-0.000577
45857.680000,115.334670,35.540796,523.270000,-0.001938
45957.190000,115.334385,35.541610,493.370000,-0.002701
46056.700000,115.334654,35.542428,463.470000,-0.002719
46056.700000,115.334385,35.543237,433.570000,0.000000
46143.910000,115.334654,35.543944,343.860000,0.000891
46231.120000,115.334924,35.544652,284.060000,0.001730
46318.320000,115.334924,35.545438,209.310000,0.000840
46405.530000,115.334924,35.546224,224.260000,-0.000000
46492.740000,115.334924,35.547010,239.210000,0.000000
46492.740000,115.334924,35.547010,209.310000,0.001141
46589.050000,115.335387,35.547743,194.360000,0.000571
46685.370000,115.335642,35.548536,224.260000,-0.000571
46781.680000,115.336106,35.549269,209.310000,-0.000698
46877.990000,115.336569,35.550002,239.210000,0.000571
46974.310000,115.337080,35.550722,194.360000,0.000055
47070.620000,115.337288,35.551529,224.260000,-0.002759
47166.940000,115.338001,35.552130,239.210000,-0.001341
47263.250000,115.338830,35.552532,328.910000,0.002188
47359.560000,115.339293,35.553265,269.110000,0.000332
47455.880000,115.339757,35.553998,284.060000,-0.001614
47552.190000,115.340528,35.554500,284.060000,-0.000000
47648.500000,115.341200,35.555172,299.010000,0.000533
47744.820000,115.341872,35.555844,313.960000,0.000000
47841.130000,115.342544,35.556517,313.960000,-0.001107
47937.440000,115.343217,35.557189,313.960000,-0.002335
48033.760000,115.344087,35.557520,388.710000,-0.002456
48033.760000,115.344087,35.557520,373.760000,-0.001494
48116.740000,115.344356,35.558189,358.810000,-0.004224
48199.720000,115.344828,35.558800,403.660000,-0.006235
48282.700000,115.345704,35.558867,538.220000,-0.005518
48282.700000,115.345704,35.558867,478.420000,-0.003011
48382.330000,115.345987,35.559676,418.610000,-0.002982
48481.960000,115.346776,35.560209,478.420000,-0.001032
48581.590000,115.347559,35.560754,448.520000,0.000384
48681.210000,115.348266,35.561429,478.420000,-0.000028
48780.840000,115.349060,35.561954,478.420000,0.000060
48880.470000,115.349761,35.562640,478.420000,-0.000477
48980.100000,115.350550,35.563174,478.420000,-0.000535
49079.730000,115.351344,35.563699,493.370000,-0.000030
49179.360000,115.352138,35.564224,523.270000,0.000197
49278.990000,115.352933,35.564749,493.370000,0.000000
49378.620000,115.353691,35.565335,478.420000,-0.000397
49478.240000,115.354521,35.565799,553.170000,0.000000
49577.870000,115.355316,35.566323,523.270000,-0.000300
49677.500000,115.356110,35.566848,493.370000,-0.000564
49777.130000,115.356992,35.567222,508.320000,-0.000128
49876.760000,115.357798,35.567727,508.320000,0.000564
49976.390000,115.358691,35.568082,523.270000,0.000552
50076.020000,115.359386,35.568777,508.320000,-0.000595
50175.640000,115.360293,35.569108,508.320000,-0.000410
50275.270000,115.361079,35.569647,493.370000,-0.000518
50374.900000,115.361967,35.570011,478.420000,-0.000659
50474.530000,115.362861,35.570365,448.520000,-0.000613
50574.160000,115.363754,35.570719,418.610000,-0.001446
50673.790000,115.364746,35.570903,463.470000,-0.001425
50773.420000,115.365792,35.570995,478.420000,-0.001626
50873.050000,115.366891,35.570995,358.810000,-0.001951
50972.670000,115.367834,35.570725,328.910000,-0.000000
51072.300000,115.368776,35.570456,239.210000,0.000224
51171.930000,115.369875,35.570456,209.310000,-0.000885
51271.560000,115.370700,35.569983,269.110000,0.001276
51371.190000,115.371761,35.569917,179.410000,0.001272
51470.820000,115.372860,35.569917,209.310000,-0.001500
51570.450000,115.373875,35.569773,328.910000,-0.001851
51670.070000,115.374745,35.569378,388.710000,-0.000000
51769.700000,115.375662,35.569064,433.570000,0.000582
51869.330000,115.376630,35.568839,463.470000,-0.000920
51968.960000,115.377547,35.568526,508.320000,-0.001162
52068.590000,115.378359,35.568030,553.170000,0.000241
52168.220000,115.379235,35.567647,612.970000,0.000580
52267.850000,115.380128,35.567292,642.870000,-0.000481
52367.470000,115.381022,35.566938,657.820000,-0.001145
52467.100000,115.381816,35.566413,717.630000,-0.001128
52467.100000,115.381816,35.566413,687.720000,0.000000
52561.010000,115.382695,35.566144,657.820000,0.000137
52654.920000,115.383575,35.565874,657.820000,-0.000000
52748.830000,115.384475,35.565640,627.920000,-0.000482
52842.740000,115.385334,35.565335,642.870000,-0.001035
52936.660000,115.386182,35.565012,672.770000,-0.000655
53030.570000,115.386936,35.564527,657.820000,0.000690
53124.480000,115.387790,35.564212,612.970000,0.000137
53218.390000,115.388643,35.563898,642.870000,0.000686
53312.300000,115.389418,35.563449,568.120000,0.001866
53406.210000,115.390454,35.563449,867.130000,-0.001376
53500.120000,115.391334,35.563179,598.020000,-0.003030
53594.030000,115.392057,35.562640,642.870000,-0.001985
53594.030000,115.392057,35.562640,1330.600000,-0.000203
53679.730000,115.391667,35.561981,1360.500000,-0.000000
53765.430000,115.391248,35.561331,1181.090000,-0.000000
53851.140000,115.390888,35.560663,1106.340000,-0.000705
53936.840000,115.390440,35.560022,657.820000,-0.000898
54022.540000,115.389901,35.559406,448.520000,-0.000589
54022.540000,115.389901,35.559406,837.230000,0.002995
54112.210000,115.390318,35.558720,971.780000,0.003572
54201.880000,115.391080,35.558328,732.580000,0.003693
54291.540000,115.391912,35.558059,642.870000,0.004939
54381.210000,115.392901,35.558059,732.580000,0.006126
54470.880000,115.393404,35.558598,747.530000,0.005612
54470.880000,115.393943,35.558059,672.770000,-0.007042
54559.190000,115.394752,35.558336,627.920000,-0.005399
54647.500000,115.394752,35.559132,299.010000,-0.001439
54735.810000,115.395155,35.559810,792.380000,-0.000844
54824.120000,115.395291,35.560567,642.870000,-0.003120
54912.430000,115.395291,35.561362,941.880000,-0.003820
55000.740000,115.394829,35.562024,1031.590000,-0.002445
55089.050000,115.394213,35.562640,1196.040000,-0.000923
55089.050000,115.394213,35.562640,926.930000,-0.001480
55177.500000,115.394876,35.563179,583.070000,-0.001128
55265.960000,115.395645,35.563534,433.570000,0.000000
55354.410000,115.396362,35.563981,328.910000,0.000612
55442.870000,115.397078,35.564428,239.210000,0.002986
55531.320000,115.397716,35.564897,149.510000,0.004154
55619.770000,115.397716,35.565694,164.460000,0.000526
55708.230000,115.397986,35.566413,149.510000,-0.001730
55708.230000,115.397986,35.566413,209.310000,-0.000764
55806.260000,115.398044,35.567280,254.160000,-0.000235
55904.300000,115.398255,35.568102,284.060000,0.000661
56002.330000,115.398255,35.568985,313.960000,-0.000147
56100.360000,115.398255,35.569869,373.760000,-0.000661
56198.390000,115.398525,35.570674,433.570000,-0.000041
56296.430000,115.398525,35.571558,448.520000,-0.001289
56394.460000,115.398810,35.572358,493.370000,-0.000618
56492.490000,115.399286,35.573103,523.270000,0.001671
56590.520000,115.399333,35.573973,523.270000,-0.000042
56688.560000,115.399402,35.574836,523.270000,-0.001615
56786.590000,115.399872,35.575583,538.220000,-0.000000
56884.620000,115.400142,35.576388,523.270000,0.000533
56982.650000,115.400411,35.577193,463.470000,0.000000
56982.650000,115.400411,35.577193,523.270000,0.000000
57080.790000,115.400411,35.578077,478.420000,-0.000427
57178.930000,115.400411,35.578962,493.370000,-0.000660
57277.070000,115.400588,35.579795,493.370000,-0.000470
57375.210000,115.400681,35.580653,448.520000,0.000000
57473.350000,115.400950,35.581459,463.470000,0.000897
57571.480000,115.400950,35.582343,418.610000,-0.000000
57669.620000,115.400950,35.583228,463.470000,-0.001016
57767.760000,115.401220,35.584034,478.420000,-0.000352
57865.900000,115.401359,35.584878,493.370000,0.000022
57964.040000,115.401626,35.585684,463.470000,0.000012
58062.180000,115.401759,35.586530,448.520000,0.000335
58160.320000,115.402028,35.587336,478.420000,0.000340
58258.460000,115.402028,35.588221,478.420000,-0.000000
58356.600000,115.402298,35.589027,478.420000,0.000000
58454.740000,115.402298,35.589911,448.520000,-0.000000
58552.870000,115.402567,35.590718,478.420000,0.000660
58651.010000,115.402567,35.591602,478.420000,0.000644
58749.150000,115.402567,35.592487,448.520000,-0.000660
58847.290000,115.402574,35.593369,478.420000,-0.001325
58945.430000,115.402837,35.594177,493.370000,-0.000000
59043.570000,115.403106,35.594983,478.420000,0.001341
59141.710000,115.403106,35.595868,448.520000,0.000226
59239.850000,115.403106,35.596752,478.420000,-0.000660
59337.990000,115.403286,35.597585,463.470000,-0.000456
59436.130000,115.403376,35.598443,433.570000,-0.000066
59534.260000,115.403645,35.599249,433.570000,0.000230
59632.400000,115.403671,35.600126,433.570000,-0.000079
59730.540000,115.403915,35.600939,418.610000,-0.000000
59828.680000,115.403997,35.601800,433.570000,-0.000336
59926.820000,115.404184,35.602630,418.610000,0.000000
60024.960000,115.404454,35.603436,448.520000,0.000663
60123.100000,115.404454,35.604321,388.710000,0.000000
60221.240000,115.404650,35.605148,433.570000,0.000305
60319.380000,115.404723,35.606011,418.610000,-0.000653
60417.520000,115.404723,35.606896,418.610000,-0.001185
60515.650000,115.405245,35.607628,433.570000,0.001271
60613.790000,115.405262,35.608508,418.610000,0.001358
60711.930000,115.405262,35.609392,448.520000,-0.001023
60810.070000,115.405262,35.610277,463.470000,-0.001358
60908.210000,115.405689,35.611037,418.610000,0.000796
61006.350000,115.405801,35.611889,418.610000,0.001205
61104.490000,115.405801,35.612773,448.520000,-0.001090
61202.630000,115.405866,35.613639,448.520000,-0.001747
61300.770000,115.406340,35.614386,478.420000,-0.000000
61398.910000,115.406609,35.615192,463.470000,0.001085
61398.910000,115.406609,35.615192,478.420000,-0.001373
61495.140000,115.406609,35.616059,448.520000,-0.000686
61591.370000,115.406879,35.616848,433.570000,-0.000727
61687.600000,115.406879,35.617715,388.710000,-0.002195
61783.830000,115.407418,35.618426,388.710000,-0.002937
61783.830000,115.407418,35.618426,373.760000,-0.002046
61862.930000,115.407418,35.619139,343.860000,-0.002110
61942.040000,115.407687,35.619773,313.960000,-0.002174
61942.040000,115.407687,35.619773,328.910000,-0.003687
62029.840000,115.407553,35.620447,299.010000,-0.003516
62117.650000,115.407957,35.621121,343.860000,-0.003345
62117.650000,115.407957,35.621121,358.810000,0.000000
62196.120000,115.407957,35.621671,299.010000,-0.001040
62274.590000,115.407957,35.622378,299.010000,-0.002145
62353.060000,115.408226,35.623007,299.010000,-0.002210
62353.060000,115.408226,35.623007,358.810000,0.000000
62453.010000,115.408226,35.623908,269.110000,-0.000502
62552.960000,115.408226,35.624809,284.060000,-0.000676
62652.910000,115.408441,35.625647,328.910000,-0.000268
62752.850000,115.408513,35.626527,343.860000,0.000081
62852.800000,115.408765,35.627354,328.910000,0.000770
62952.750000,115.408765,35.628255,328.910000,-0.000040
63052.700000,115.408765,35.629156,328.910000,-0.000635
63152.650000,115.409035,35.629978,358.810000,0.000635
63252.600000,115.409035,35.630879,358.810000,0.000635
63352.540000,115.409035,35.631780,343.860000,-0.000114
63452.490000,115.409035,35.632681,328.910000,-0.000635
63552.440000,115.409085,35.633567,358.810000,-0.000400
63652.390000,115.409304,35.634404,403.660000,0.000000
63752.340000,115.409304,35.635305,403.660000,-0.000121
63852.290000,115.409574,35.636127,388.710000,0.000635
63952.240000,115.409574,35.637028,448.520000,0.000000
64052.180000,115.409574,35.637929,433.570000,-0.000635
64152.130000,115.409843,35.638751,523.270000,-0.000789
64252.080000,115.409843,35.639652,538.220000,-0.002521
64352.030000,115.410382,35.640255,627.920000,-0.003463
64352.030000,115.410382,35.640255,777.430000,0.000000
64445.500000,115.411035,35.639602,777.430000,0.001178
64538.970000,115.411688,35.638949,941.880000,0.002483
64632.440000,115.412538,35.638638,1001.690000,0.002611
64632.440000,115.412538,35.638638,568.120000,-0.002051
64703.840000,115.412828,35.639197,612.970000,0.001471
64775.240000,115.413327,35.639695,448.520000,0.006271
64846.640000,115.413077,35.640255,612.970000,0.007549
64846.640000,115.413077,35.640255,777.430000,-0.000000
64923.840000,115.412538,35.640794,807.330000,-0.000000
65001.040000,115.411999,35.641333,762.480000,0.000000
65078.230000,115.411460,35.641872,837.230000,0.000000
65155.430000,115.410921,35.642411,882.080000,0.000000
65155.430000,115.410921,35.642411,568.120000,-0.000299
65249.250000,115.410921,35.643256,612.970000,-0.000722
65343.070000,115.410979,35.644085,657.820000,-0.001173
65436.900000,115.411191,35.644869,612.970000,-0.001757
65530.720000,115.411460,35.645636,627.920000,-0.002286
65624.540000,115.411999,35.646184,687.720000,-0.002258
65624.540000,115.411999,35.646184,612.970000,-0.000289
65719.280000,115.412243,35.646966,672.770000,-0.002299
65814.010000,115.412538,35.647734,687.720000,-0.004349
65908.750000,115.413347,35.648070,792.380000,-0.004390
65908.750000,115.413347,35.648070,837.230000,-0.003267
66006.380000,115.413402,35.648934,777.430000,-0.004314
66104.020000,115.414084,35.649616,672.770000,-0.003874
66201.650000,115.414964,35.649956,717.630000,-0.002386
66201.650000,115.414964,35.649956,642.870000,0.001078
66300.650000,115.415446,35.650708,627.920000,0.000000
66399.660000,115.415720,35.651521,553.170000,-0.001062
66498.660000,115.416411,35.652213,478.420000,-0.000523
66597.670000,115.416894,35.652965,433.570000,-0.000498
66696.670000,115.417585,35.653656,313.960000,-0.001001
66795.670000,115.418277,35.654347,269.110000,-0.001045
66894.680000,115.419067,35.654868,269.110000,-0.001113
66993.680000,115.419857,35.655389,224.260000,-0.000935
67092.680000,115.420747,35.655740,209.310000,-0.001568
67191.690000,115.421599,35.656155,179.410000,-0.001682
67290.690000,115.422692,35.656155,209.310000,0.000204
67389.700000,115.423629,35.656424,179.410000,-0.000000
67488.700000,115.424602,35.656631,194.360000,-0.000477
67587.700000,115.425659,35.656694,239.210000,0.000000
67686.710000,115.426596,35.656963,299.010000,-0.000884
67785.710000,115.427689,35.656963,358.810000,-0.000368
67884.710000,115.428755,35.657010,403.660000,0.000648
67983.720000,115.429645,35.657105,478.420000,-0.000933
68082.720000,115.430499,35.657233,508.320000,-0.001597
68181.730000,115.431436,35.656963,538.220000,0.000602
68280.730000,115.432529,35.656963,538.220000,0.001629
68379.730000,115.433599,35.657004,523.270000,0.000571
68478.740000,115.434559,35.657233,538.220000,-0.000814
68577.740000,115.435653,35.657233,538.220000,-0.000686
68676.740000,115.436746,35.657233,568.120000,0.000814
68775.750000,115.437840,35.657233,568.120000,0.000814
68874.750000,115.438776,35.657502,538.220000,-0.000814
68973.760000,115.439870,35.657502,538.220000,-0.000814
69072.760000,115.440963,35.657502,508.320000,0.000000
69171.760000,115.442057,35.657502,508.320000,0.000321
69270.770000,115.443150,35.657502,538.220000,0.000814
69369.770000,115.444179,35.657612,538.220000,0.000243
69468.770000,115.445180,35.657772,508.320000,0.000000
69567.780000,115.446256,35.657802,463.470000,0.000153
69666.780000,115.447210,35.658041,478.420000,-0.000431
69765.790000,115.448304,35.658041,418.610000,0.000232
69864.790000,115.449321,35.658172,388.710000,0.000884
69963.790000,115.450309,35.658353,328.910000,0.000620
70062.800000,115.451270,35.658580,239.210000,0.000840
70161.800000,115.452207,35.658850,209.310000,0.001971
70260.800000,115.453077,35.659234,209.310000,0.001324
70359.810000,115.453768,35.659925,179.410000,-0.000681
70458.810000,115.454658,35.660276,239.210000,0.000000
70557.820000,115.455448,35.660797,269.110000,0.000491
70656.820000,115.456239,35.661318,299.010000,-0.000020
70755.820000,115.457043,35.661814,284.060000,0.000159
70854.830000,115.457823,35.662353,299.010000,-0.000530
70953.830000,115.458610,35.662880,328.910000,-0.000079
71052.840000,115.459500,35.663231,313.960000,0.002093
71151.840000,115.460191,35.663922,373.760000,0.000497
71250.840000,115.460673,35.664674,463.470000,-0.002114
71349.850000,115.461563,35.665025,478.420000,-0.000497
71448.850000,115.462353,35.665546,508.320000,0.000822
71547.850000,115.463144,35.666067,493.370000,0.000000
71646.860000,115.463889,35.666665,523.270000,-0.000508
71745.860000,115.464725,35.667109,538.220000,0.000000
71844.870000,115.465515,35.667629,523.270000,0.000257
71943.870000,115.466306,35.668150,523.270000,-0.000000
72042.870000,115.467096,35.668671,538.220000,-0.000277
72141.880000,115.467886,35.669192,538.220000,-0.000571
72240.880000,115.468725,35.669630,523.270000,-0.000011
72339.880000,115.469566,35.670064,508.320000,0.000571
72438.890000,115.470357,35.670585,523.270000,-0.000080
72537.890000,115.471147,35.671106,508.320000,-0.000571
72636.900000,115.472002,35.671516,508.320000,-0.000409
72735.900000,115.472827,35.671977,478.420000,0.000571
72834.900000,115.473717,35.672328,478.420000,0.001713
72933.910000,115.474408,35.673019,463.470000,-0.000000
73032.910000,115.475122,35.673672,478.420000,-0.000811
73131.910000,115.475989,35.674061,508.320000,0.001543
73230.920000,115.476680,35.674752,523.270000,0.000372
73329.920000,115.477163,35.675504,612.970000,-0.002702
73428.930000,115.478052,35.675855,612.970000,-0.000497
73527.930000,115.478942,35.676205,598.020000,0.001159
73626.930000,115.479633,35.676897,598.020000,-0.000571
73725.940000,115.480523,35.677247,583.070000,-0.000117
73824.940000,115.481313,35.677768,583.070000,0.000571
73923.940000,115.482124,35.678253,598.020000,0.000233
74022.950000,115.482894,35.678810,568.120000,-0.000000
74121.950000,115.483684,35.679331,598.020000,-0.000687
74220.960000,115.484475,35.679852,538.220000,-0.000571
74319.960000,115.485364,35.680202,598.020000,-0.000000
74418.960000,115.486155,35.680723,583.070000,-0.000369
74517.970000,115.487044,35.681074,598.020000,0.000000
74616.970000,115.487897,35.681487,598.020000,0.000153
74715.970000,115.488724,35.681945,612.970000,-0.000588
74814.980000,115.489614,35.682296,612.970000,-0.000743
74814.980000,115.489614,35.682296,1794.060000,0.001739
74911.830000,115.490290,35.681619,1599.710000,0.004100
75008.670000,115.491126,35.681218,777.430000,0.005499
75105.520000,115.492039,35.681487,538.220000,0.004538
75105.520000,115.493387,35.682026,358.810000,0.001629
75194.230000,115.494210,35.682296,358.810000,0.002251
75282.950000,115.494923,35.682754,373.760000,0.002031
75371.660000,115.495543,35.683374,328.910000,0.001188
75371.660000,115.495543,35.683374,538.220000,-0.000000
75450.760000,115.495273,35.684008,687.720000,0.001086
75529.850000,115.495004,35.684643,822.280000,0.002108
75608.950000,115.495004,35.685356,687.720000,0.001022
75688.050000,115.495004,35.686069,583.070000,0.000000
75688.050000,115.495273,35.686338,1794.060000,0.000000
75778.090000,115.495902,35.685709,1330.600000,0.000000
75868.140000,115.496531,35.685081,732.580000,-0.000000
75958.180000,115.497160,35.684452,1465.150000,-0.000000
75958.180000,115.497699,35.684991,373.760000,0.007426
76041.100000,115.498575,35.685059,328.910000,0.006240
76124.020000,115.498777,35.685748,418.610000,0.001329
76206.940000,115.499316,35.686338,657.820000,-0.002397
76206.940000,115.499316,35.686338,493.370000,0.004876
76291.690000,115.498536,35.686608,672.770000,0.004948
76376.450000,115.498238,35.687270,1599.710000,0.002633
76461.200000,115.497968,35.687955,1599.710000,0.000246
76461.200000,115.497968,35.687955,687.720000,-0.000543
76545.430000,115.498507,35.688558,672.770000,-0.001936
76629.660000,115.499028,35.689033,299.010000,-0.002915
76713.890000,115.499802,35.689303,627.920000,-0.002509
76798.120000,115.500576,35.689572,672.770000,-0.003532
76882.340000,115.501506,35.689572,807.330000,-0.003532
76966.570000,115.502280,35.689303,837.230000,-0.002518
76966.570000,115.503358,35.689303,538.220000,-0.000275
77066.540000,115.504056,35.690001,598.020000,-0.001472
77166.510000,115.504783,35.690650,254.160000,-0.003498
77266.490000,115.505730,35.690920,358.810000,-0.002962
77366.460000,115.506835,35.690920,478.420000,-0.000798
77466.430000,115.507939,35.690920,568.120000,0.000000
77466.430000,115.507939,35.690920,448.520000,-0.000195
77565.830000,115.508724,35.691459,478.420000,0.000000
77665.230000,115.509526,35.691967,478.420000,0.000194
77764.630000,115.510293,35.692537,418.610000,-0.000245
77864.030000,115.511078,35.693076,418.610000,-0.000995
77963.440000,115.511907,35.693539,403.660000,-0.000418
78062.840000,115.512804,35.693884,388.710000,0.000265
78162.240000,115.513593,35.694417,418.610000,-0.000000
78261.640000,115.514485,35.694770,403.660000,0.000381
78361.040000,115.515279,35.695294,433.570000,0.000566
78460.440000,115.516100,35.695771,448.520000,-0.000249
78559.840000,115.516865,35.696342,463.470000,-0.000000
78659.240000,115.517758,35.696696,448.520000,0.000943
78758.640000,115.518452,35.697390,478.420000,0.001036
78858.050000,115.519246,35.697914,478.420000,0.000992
78957.450000,115.519731,35.698669,433.570000,-0.000327
79056.850000,115.520425,35.699363,448.520000,0.000261
79156.250000,115.521145,35.699909,418.610000,0.002221
79255.650000,115.521414,35.700726,313.960000,0.000672
79355.050000,115.521772,35.701518,299.010000,0.000190
79454.450000,115.522223,35.702283,194.360000,0.000694
79553.850000,115.522325,35.703149,209.310000,0.000297
79653.250000,115.522762,35.703918,209.310000,0.000679
79752.650000,115.522762,35.704814,209.310000,0.000418
79852.060000,115.523031,35.705632,209.310000,0.000642
79951.460000,115.523031,35.706528,224.260000,0.000642
80050.860000,115.523031,35.707424,269.110000,0.000642
80150.260000,115.523031,35.708319,284.060000,0.000642
80249.660000,115.522762,35.709137,313.960000,0.000000
80349.060000,115.522762,35.710033,269.110000,0.000679
80448.460000,115.522492,35.710851,299.010000,-0.000000
80547.860000,115.522223,35.711668,269.110000,-0.000679
80647.260000,115.522223,35.712564,284.060000,0.000000
80746.670000,115.521953,35.713382,299.010000,-0.000000
80846.070000,115.521953,35.714278,299.010000,0.001373
80945.470000,115.521684,35.715095,358.810000,0.001373
81044.870000,115.521145,35.715834,358.810000,-0.000951
81144.270000,115.520875,35.716652,358.810000,-0.001373
81243.670000,115.520706,35.717499,373.760000,-0.000172
81343.070000,115.520606,35.718366,403.660000,0.001373
81442.470000,115.520336,35.719183,433.570000,0.000937
81541.870000,115.519797,35.719923,478.420000,-0.000694
81641.280000,115.519600,35.720761,433.570000,-0.000322
81740.680000,115.519258,35.721558,478.420000,0.000000
81840.080000,115.518989,35.722375,523.270000,0.000508
81939.480000,115.518719,35.723193,508.320000,0.000694
82038.880000,115.518180,35.723932,508.320000,-0.000390
82138.280000,115.517911,35.724750,553.170000,0.000683
82237.680000,115.517523,35.725533,553.170000,0.000776
82337.080000,115.516833,35.726229,568.120000,-0.001331
82436.480000,115.516563,35.727046,508.320000,-0.000477
82535.880000,115.516276,35.727859,538.220000,0.000601
82635.290000,115.515790,35.728614,508.320000,-0.000512
82734.690000,115.515485,35.729421,448.520000,-0.000146
82834.090000,115.515216,35.730238,418.610000,-0.000091
82933.490000,115.514752,35.731000,418.610000,-0.000995
83032.890000,115.514677,35.731874,433.570000,-0.000000
83132.290000,115.514407,35.732691,388.710000,0.000987
83132.290000,115.514407,35.732691,538.220000,0.001130
83228.990000,115.514874,35.733427,418.610000,0.000873
83325.680000,115.515132,35.734224,388.710000,0.000276
83422.380000,115.515485,35.734993,284.060000,-0.000046
83519.080000,115.515755,35.735786,224.260000,-0.001803
83615.780000,115.516114,35.736554,164.460000,-0.003594
83712.470000,115.516921,35.737003,149.510000,-0.001919
83809.170000,115.517762,35.737394,179.410000,-0.000552
83905.870000,115.518588,35.737812,209.310000,-0.000977
84002.560000,115.519499,35.738081,239.210000,-0.000130
84099.260000,115.520411,35.738351,269.110000,0.000977
84195.960000,115.521258,35.738733,299.010000,0.000681
84292.650000,115.522078,35.739159,299.010000,-0.000000
84389.350000,115.522906,35.739573,343.860000,-0.000637
84486.050000,115.523745,35.739968,358.810000,-0.001920
84582.750000,115.524657,35.740237,388.710000,-0.002251
84679.440000,115.525726,35.740237,418.610000,-0.001710
84679.440000,115.526535,35.740237,448.520000,0.000000
84777.710000,115.527621,35.740237,388.710000,0.000560
84875.970000,115.528707,35.740237,328.910000,0.000827
84974.240000,115.529685,35.740423,313.960000,-0.000316
85072.510000,115.530723,35.740507,358.810000,-0.000524
85170.780000,115.531809,35.740507,358.810000,0.000582
85269.040000,115.532836,35.740609,343.860000,0.000197
85367.310000,115.533825,35.740776,358.810000,-0.000827
85465.580000,115.534911,35.740776,388.710000,-0.000500
85563.850000,115.535997,35.740776,358.810000,0.000000
85662.110000,115.537084,35.740776,358.810000,0.000000
85760.380000,115.538170,35.740776,358.810000,-0.000117
85858.650000,115.539256,35.740776,358.810000,-0.000827
85956.910000,115.540319,35.740736,373.760000,-0.000579
86055.180000,115.541272,35.740507,388.710000,-0.000000
86153.450000,115.542358,35.740507,388.710000,-0.000130
86251.720000,115.543288,35.740237,448.520000,0.000827
86349.980000,115.544374,35.740237,478.420000,0.000000
86448.250000,115.545460,35.740237,448.520000,-0.000827
86546.520000,115.546390,35.739968,448.520000,0.000000
86644.790000,115.547476,35.739968,478.420000,0.000000
86743.050000,115.548405,35.739698,448.520000,-0.000000
86841.320000,115.549492,35.739698,478.420000,-0.000000
86939.590000,115.550421,35.739429,478.420000,0.000000
87037.850000,115.551507,35.739429,478.420000,-0.000653
87136.120000,115.552437,35.739159,478.420000,-0.000000
87234.390000,115.553409,35.738964,493.370000,-0.000197
87332.660000,115.554452,35.738890,478.420000,-0.000912
87430.920000,115.555278,35.738443,493.370000,0.001406
87529.190000,115.556311,35.738351,448.520000,0.001739
87627.460000,115.557397,35.738351,358.810000,-0.000556
87725.730000,115.558484,35.738351,328.910000,-0.001739
87823.990000,115.559413,35.738081,358.810000,-0.001824
87823.990000,115.559413,35.738081,1121.290000,-0.003676
87923.360000,115.560107,35.738775,538.220000,-0.006060
88022.730000,115.561139,35.738890,254.160000,-0.007292
88122.100000,115.561892,35.738297,478.420000,-0.003877
88221.470000,115.562377,35.737542,508.320000,-0.001613
88221.470000,115.562377,35.737542,388.710000,0.001145
88320.730000,115.563269,35.737189,373.760000,0.000585
88419.990000,115.564258,35.737003,388.710000,-0.000927
88519.250000,115.565152,35.736654,418.610000,-0.000585
88618.520000,115.565981,35.736195,418.610000,0.000927
88717.780000,115.566935,35.735949,388.710000,0.000000
88817.040000,115.567862,35.735656,448.520000,-0.000778
88916.300000,115.568719,35.735243,448.520000,0.000585
89015.560000,115.569610,35.734891,433.570000,0.000630
89114.820000,115.570601,35.734708,403.660000,-0.000585
89214.090000,115.571466,35.734308,418.610000,-0.000779
89313.350000,115.572385,35.734003,418.610000,-0.000230
89412.610000,115.573189,35.733500,388.710000,0.000871
89511.870000,115.574129,35.733230,403.660000,-0.000124
89611.130000,115.575060,35.732944,388.710000,-0.001101
89710.390000,115.575853,35.732422,418.610000,0.000353
89809.660000,115.576744,35.732069,433.570000,0.000518
89908.920000,115.577636,35.731716,418.610000,0.000002
90008.180000,115.578516,35.731344,418.610000,-0.000288
90107.440000,115.579419,35.731010,418.610000,-0.000584
90206.700000,115.580240,35.730535,418.610000,0.000000
90305.960000,115.581104,35.730135,433.570000,-0.000239
90405.220000,115.581963,35.729727,418.610000,-0.000042
90504.490000,115.582747,35.729188,448.520000,0.000469
90603.750000,115.583680,35.728906,478.420000,-0.000755
90703.010000,115.584470,35.728379,418.610000,-0.000218
90802.270000,115.585265,35.727860,448.520000,0.000000
90901.530000,115.586157,35.727507,448.520000,-0.000580
91000.790000,115.586850,35.726814,418.610000,0.000568
91100.060000,115.587742,35.726461,448.520000,-0.000539
91199.320000,115.588534,35.725938,433.570000,-0.000620
91298.580000,115.589228,35.725245,448.520000,0.001107
91397.840000,115.590110,35.724876,388.710000,0.001260
91497.100000,115.590912,35.724369,388.710000,0.001947
91596.360000,115.591903,35.724186,328.910000,0.001024
91695.630000,115.592931,35.724067,299.010000,-0.000790
91794.890000,115.593871,35.723798,328.910000,-0.000506
91894.150000,115.594811,35.723528,269.110000,0.000893
91993.410000,115.595751,35.723259,269.110000,0.000893
92092.670000,115.596848,35.723259,209.310000,-0.000000
92191.930000,115.597789,35.722989,149.510000,0.001598
92291.200000,115.598886,35.722989,149.510000,0.004424
92390.460000,115.599830,35.723252,179.410000,0.002104
92489.720000,115.600315,35.724006,,-0.002606
92588.980000,115.601376,35.724067,269.110000,-0.001190
92688.240000,115.602316,35.724337,254.160000,0.001385
92787.500000,115.603256,35.724606,299.010000,0.000976
92886.760000,115.604080,35.725076,284.060000,0.000473
92986.030000,115.604972,35.725429,299.010000,0.000749
93085.290000,115.605763,35.725954,328.910000,-0.000236
93184.550000,115.606557,35.726475,328.910000,-0.000568
93283.810000,115.607487,35.726762,313.960000,0.000451
93383.070000,115.608241,35.727351,358.810000,0.000000
93482.330000,115.609133,35.727704,358.810000,0.000013
93581.600000,115.609925,35.728227,373.760000,0.000568
93680.860000,115.610777,35.728649,373.760000,0.000106
93780.120000,115.611510,35.729273,343.860000,-0.000568
93879.380000,115.612402,35.729626,373.760000,0.000228
93978.640000,115.613195,35.730149,373.760000,0.000568
94077.900000,115.613987,35.730672,358.810000,0.000000
94177.170000,115.614780,35.731195,373.760000,0.000000
94276.430000,115.615572,35.731718,388.710000,0.000539
94375.690000,115.616365,35.732241,418.610000,-0.000000
94474.950000,115.617058,35.732934,418.610000,-0.001246
94574.210000,115.617950,35.733287,433.570000,-0.000081
94673.470000,115.618766,35.733769,388.710000,0.000810
94772.730000,115.619549,35.734308,418.610000,-0.000403
94872.000000,115.620333,35.734847,418.610000,-0.000075
94971.260000,115.621219,35.735209,448.520000,0.000484
95070.520000,115.621913,35.735902,448.520000,-0.000029
95169.780000,115.622804,35.736255,418.610000,0.000539
95269.040000,115.623498,35.736948,463.470000,-0.000000
95368.300000,115.624290,35.737471,448.520000,-0.001095
95467.570000,115.625083,35.737994,433.570000,-0.000000
95566.830000,115.625972,35.738351,448.520000,0.000659
95666.090000,115.626668,35.739040,448.520000,0.000000
95765.350000,115.627539,35.739429,448.520000,0.000326
95864.610000,115.628253,35.740087,478.420000,-0.000287
95963.870000,115.629045,35.740610,448.520000,-0.001582
96063.140000,115.629889,35.741046,448.520000,-0.001437
96162.400000,115.630829,35.741315,493.370000,-0.001145
96162.400000,115.630829,35.741315,478.420000,-0.001620
96261.900000,115.631315,35.742071,463.470000,-0.001784
96361.390000,115.632070,35.742663,418.610000,-0.001453
96460.890000,115.632856,35.743202,478.420000,0.000025
96560.390000,115.633698,35.743645,433.570000,0.000755
96659.890000,115.634393,35.744340,418.610000,0.000251
96759.380000,115.635187,35.744865,433.570000,-0.000536
96858.880000,115.635883,35.745560,448.520000,-0.001101
96958.380000,115.636776,35.745915,463.470000,0.000000
97057.880000,115.637570,35.746440,448.520000,0.000565
97157.370000,115.638365,35.746964,448.520000,0.000000
97256.870000,115.639159,35.747489,478.420000,-0.000000
97356.370000,115.639953,35.748014,418.610000,-0.000000
97455.860000,115.640748,35.748539,448.520000,-0.000000
97555.360000,115.641542,35.749064,448.520000,0.000000
97654.860000,115.642336,35.749588,433.570000,-0.000531
97754.360000,115.643130,35.750113,433.570000,-0.000000
97853.850000,115.644018,35.750478,448.520000,0.000498
97953.350000,115.644719,35.751163,448.520000,-0.001306
98052.850000,115.645613,35.751517,433.570000,-0.000641
98152.340000,115.646533,35.751825,358.810000,0.000500
98251.840000,115.647319,35.752364,388.710000,-0.000361
98351.340000,115.648262,35.752634,358.810000,0.000061
98450.840000,115.649088,35.753106,343.860000,0.000458
98550.330000,115.649981,35.753460,343.860000,-0.000123
98649.830000,115.650778,35.753981,313.960000,-0.001151
98749.330000,115.651721,35.754251,299.010000,-0.000861
98848.830000,115.652664,35.754520,269.110000,0.000012
98948.320000,115.653607,35.754790,269.110000,0.000886
99047.820000,115.654548,35.755063,239.210000,0.001152
99147.320000,115.655342,35.755588,194.360000,-0.000849
99246.810000,115.656236,35.755942,209.310000,-0.001414
99346.310000,115.657222,35.756137,149.510000,-0.000642
99445.810000,115.658165,35.756407,179.410000,-0.000638
99545.310000,115.659214,35.756495,164.460000,-0.000506
99644.800000,115.660208,35.756676,179.410000,0.000000
99744.300000,115.661299,35.756693,164.460000,0.000169
99843.800000,115.662252,35.756946,239.210000,-0.000806
99943.300000,115.663352,35.756946,239.210000,-0.000753
100042.790000,115.664452,35.756946,299.010000,0.000000
100142.290000,115.665552,35.756946,328.910000,0.000806
100241.790000,115.666652,35.756946,328.910000,0.000806
100341.280000,115.667595,35.757215,358.810000,-0.000517
100440.780000,115.668695,35.757215,358.810000,0.000000
100540.280000,115.669737,35.757316,343.860000,0.001066
100639.780000,115.670739,35.757485,388.710000,-0.000000
100739.270000,115.671682,35.757754,418.610000,-0.000549
100838.770000,115.672782,35.757754,388.710000,0.000000
100938.270000,115.673725,35.758024,418.610000,-0.000806
101037.760000,115.674825,35.758024,418.610000,-0.000806
101137.260000,115.675925,35.758024,418.610000,0.000806
101236.760000,115.677025,35.758024,418.610000,0.000806
101336.260000,115.677968,35.758293,448.520000,0.000273
101435.750000,115.679068,35.758293,448.520000,0.000888
101535.250000,115.679962,35.758648,463.470000,-0.000538
101634.750000,115.680955,35.758832,478.420000,-0.001111
101734.250000,115.682055,35.758832,448.520000,0.000265
101833.740000,115.683039,35.759030,433.570000,-0.000379
101933.240000,115.684098,35.759102,478.420000,-0.000806
102032.740000,115.685198,35.759102,448.520000,0.000247
102132.230000,115.686298,35.759102,448.520000,0.000806
102231.730000,115.687308,35.759257,478.420000,0.000725
102331.230000,115.688341,35.759371,478.420000,-0.000000
102430.730000,115.689285,35.759641,448.520000,-0.001176
102530.220000,115.690385,35.759641,478.420000,0.000000
102629.720000,115.691485,35.759641,448.520000,0.000806
102729.220000,115.692428,35.759910,448.520000,-0.000000
102828.710000,115.693528,35.759910,448.520000,0.000128
102928.210000,115.694471,35.760180,463.470000,0.000000
103027.710000,115.695548,35.760220,433.570000,0.000624
103127.210000,115.696514,35.760449,403.660000,-0.000000
103226.700000,115.697457,35.760719,418.610000,-0.000752
103326.200000,115.698558,35.760719,418.610000,0.002512
103425.700000,115.699501,35.760988,478.420000,0.004919
103525.200000,115.700089,35.761688,433.570000,0.003935
103624.690000,115.700359,35.762507,328.910000,0.001528
103724.190000,115.700359,35.763404,179.410000,-0.000677
103823.690000,115.700628,35.764222,209.310000,-0.001355
103823.690000,115.700628,35.764222,179.410000,-0.001349
103923.390000,115.700359,35.765043,209.310000,-0.000675
104023.080000,115.700359,35.765941,254.160000,-0.000000
104122.780000,115.700089,35.766761,284.060000,-0.000000
104222.470000,115.700089,35.767660,299.010000,-0.000637
104322.170000,115.699820,35.768480,328.910000,-0.000695
104421.860000,115.700089,35.769301,328.910000,0.000637
104521.560000,115.699843,35.770128,403.660000,-0.000400
104621.250000,115.699820,35.771020,418.610000,-0.000637
104720.950000,115.700033,35.771824,463.470000,0.001290
104820.640000,115.699820,35.772660,478.420000,0.000000
104920.340000,115.699685,35.773520,493.370000,-0.000786
105020.030000,115.699820,35.774301,478.420000,0.000637
105119.730000,115.699666,35.775155,523.270000,0.000223
105219.420000,115.699550,35.776020,523.270000,0.000000
105319.120000,115.699550,35.776918,553.170000,0.001043
105418.810000,115.699281,35.777739,553.170000,0.000000
105518.510000,115.699011,35.778559,598.020000,-0.000000
105618.200000,115.699011,35.779458,612.970000,0.001364
105717.900000,115.698472,35.780200,627.920000,-0.000675
105817.590000,115.698203,35.781020,627.920000,-0.002001
105917.290000,115.698203,35.781919,702.670000,-0.000637
106016.980000,115.698203,35.782817,493.370000,0.000000
106016.980000,115.697933,35.783356,1076.440000,-0.001059
106113.520000,115.698608,35.784031,1255.840000,0.000571
106210.050000,115.699381,35.784535,747.530000,0.002209
106306.590000,115.699638,35.785331,792.380000,0.001807
106403.120000,115.700089,35.786070,747.530000,0.002541
106499.660000,115.700089,35.786940,523.270000,0.001163
106596.200000,115.699820,35.787732,493.370000,-0.000680
106692.730000,115.700089,35.788524,448.520000,0.000680
106789.270000,115.699820,35.789316,508.320000,0.000835
106885.810000,115.699820,35.790186,478.420000,0.001416
106982.340000,115.699491,35.790961,463.470000,0.001066
107078.880000,115.699026,35.791696,508.320000,-0.001324
107175.410000,115.698769,35.792492,478.420000,-0.000425
107271.950000,115.698721,35.793348,433.570000,0.001129
107368.490000,115.698203,35.794067,448.520000,0.001343
107465.020000,115.697999,35.794878,762.480000,0.002283
107561.560000,115.697225,35.795383,911.980000,0.001251
107658.100000,115.696531,35.796023,882.080000,0.000220
107754.630000,115.695777,35.796562,897.030000,0.000667
107754.630000,115.695777,35.796562,986.730000,0.000000
107850.490000,115.696447,35.797231,926.930000,0.001761
107946.350000,115.697117,35.797901,792.380000,0.003546
108042.210000,115.697125,35.798763,762.480000,0.003226
108138.060000,115.697125,35.799627,523.270000,0.002916
108233.920000,115.696586,35.800334,807.330000,0.002951
108233.920000,115.696586,35.800334,373.760000,0.001639
108332.920000,115.696586,35.801227,358.810000,0.002946
108431.910000,115.696247,35.802021,493.370000,0.001522
108530.910000,115.695508,35.802557,627.920000,-0.000917
108629.910000,115.695391,35.803416,627.920000,0.001111
108728.900000,115.694699,35.804107,702.670000,0.002847
108728.900000,115.694699,35.804107,523.270000,0.000000
108825.930000,115.694699,35.804982,493.370000,0.000000
108922.960000,115.694699,35.805856,448.520000,0.000000
109019.980000,115.694699,35.806731,388.710000,-0.000673
109117.010000,115.694699,35.807605,373.760000,-0.000673
109214.040000,115.694969,35.808402,373.760000,0.000673
109311.070000,115.694969,35.809276,328.910000,0.000330
109408.090000,115.694969,35.810151,299.010000,-0.000673
109505.120000,115.695109,35.810985,299.010000,-0.000669
109602.150000,115.695238,35.811821,299.010000,0.000000
109699.180000,115.695508,35.812618,269.110000,0.000339
109796.200000,115.695508,35.813492,284.060000,-0.000713
109893.230000,115.695777,35.814289,269.110000,-0.000539
109990.260000,115.696047,35.815085,269.110000,0.000713
110087.290000,115.696251,35.815900,284.060000,0.001055
110184.310000,115.696316,35.816756,269.110000,0.000000
110281.340000,115.696316,35.817630,328.910000,-0.001229
110378.370000,115.696586,35.818427,328.910000,-0.000713
110475.400000,115.696855,35.819223,328.910000,0.000713
110572.430000,115.697125,35.820020,358.810000,0.000713
110669.450000,115.697125,35.820894,373.760000,-0.000000
110766.480000,115.697394,35.821691,373.760000,0.000000
110863.510000,115.697394,35.822565,373.760000,0.000000
110960.540000,115.697664,35.823361,373.760000,-0.000000
111057.560000,115.697664,35.824236,433.570000,-0.000000
111154.590000,115.697933,35.825032,418.610000,0.000605
111251.620000,115.697933,35.825907,433.570000,-0.000000
111348.650000,115.697961,35.826773,433.570000,-0.001243
111445.670000,115.698203,35.827578,433.570000,-0.000713
111542.700000,115.698472,35.828374,448.520000,-0.000076
111639.730000,115.698742,35.829170,448.520000,0.000000
111639.730000,115.698742,35.829170,463.470000,-0.003353
111728.130000,115.698472,35.829889,448.520000,-0.003353
111816.530000,115.698742,35.830608,448.520000,-0.001676
111904.930000,115.699011,35.831326,358.810000,0.000000
111904.930000,115.699011,35.831326,358.810000,-0.001425
112001.960000,115.698742,35.832123,403.660000,-0.002142
112098.980000,115.698742,35.832997,373.760000,-0.002058
112196.010000,115.699044,35.833784,388.710000,0.000168
112293.030000,115.699281,35.834590,388.710000,0.000713
112390.060000,115.699281,35.835464,373.760000,-0.000387
112487.090000,115.699550,35.836261,358.810000,-0.000000
112584.110000,115.699666,35.837102,388.710000,-0.000099
112681.140000,115.699820,35.837932,358.810000,-0.000713
112778.170000,115.700089,35.838728,358.810000,-0.000310
112875.190000,115.700359,35.839525,358.810000,-0.000000
112972.220000,115.700628,35.840321,299.010000,0.000000
113069.240000,115.700898,35.841117,299.010000,0.000000
113166.270000,115.701167,35.841914,328.910000,-0.000675
113263.300000,115.701437,35.842710,358.810000,-0.001208
113360.320000,115.701956,35.843434,343.860000,-0.000943
113457.350000,115.702425,35.844173,313.960000,-0.000411
113554.380000,115.703104,35.844851,194.360000,-0.000000
113651.400000,115.703573,35.845590,209.310000,-0.000518
113748.430000,115.704251,35.846268,239.210000,-0.001041
113845.450000,115.704929,35.846946,224.260000,-0.001088
113942.480000,115.705706,35.847454,269.110000,-0.001143
114039.510000,115.706484,35.847962,284.060000,-0.001207
114136.530000,115.707358,35.848304,313.960000,-0.000151
114233.560000,115.708237,35.848637,403.660000,0.001203
114330.590000,115.709034,35.849113,418.610000,0.000000
114427.610000,115.709793,35.849652,403.660000,-0.001695
114524.640000,115.710710,35.849921,388.710000,-0.001907
114621.660000,115.711626,35.850191,358.810000,-0.002635
114718.690000,115.712700,35.850191,388.710000,-0.002392
114815.720000,115.713617,35.849921,239.210000,-0.000937
114912.740000,115.714573,35.849720,194.360000,-0.000735
115009.770000,115.715450,35.849382,209.310000,-0.000984
115009.770000,115.715450,35.849382,209.310000,-0.001643
115104.860000,115.716188,35.848843,194.360000,-0.000671
115199.960000,115.716670,35.848163,224.260000,0.000546
115295.050000,115.717434,35.847668,239.210000,-0.000151
115390.140000,115.718098,35.847004,328.910000,-0.000000
115485.230000,115.718763,35.846339,388.710000,0.001135
115580.330000,115.719527,35.845845,418.610000,0.000589
115675.420000,115.720291,35.845350,478.420000,0.000621
115770.510000,115.721055,35.844856,538.220000,0.001259
115865.600000,115.721918,35.844532,553.170000,0.001275
115865.600000,115.721918,35.844532,583.070000,0.002078
115960.470000,115.722188,35.843755,598.020000,0.002089
116055.340000,115.722826,35.843084,598.020000,0.001112
116150.210000,115.723489,35.842421,642.870000,0.000062
116245.080000,115.724152,35.841758,642.870000,0.000000
116339.960000,115.724815,35.841095,642.870000,-0.000542
116434.830000,115.725478,35.840432,642.870000,0.000000
116529.700000,115.725932,35.839709,672.770000,0.001090
116624.570000,115.726695,35.839216,702.670000,0.000548
116719.440000,115.727358,35.838553,657.820000,0.000000
116814.310000,115.728120,35.838060,627.920000,-0.000548
116909.180000,115.728783,35.837397,672.770000,-0.000548
117004.050000,115.729446,35.836734,687.720000,0.000000
117098.920000,115.730109,35.836071,672.770000,0.000000
117193.800000,115.730772,35.835408,687.720000,-0.000542
117288.670000,115.731435,35.834745,672.770000,-0.001112
117383.540000,115.731889,35.834021,717.630000,-0.001140
117383.540000,115.732428,35.834021,1091.390000,0.000000
117475.180000,115.733069,35.834662,1794.060000,-0.001087
117566.820000,115.733709,35.835302,1644.560000,-0.003938
117658.460000,115.734527,35.835638,717.630000,-0.007872
117750.110000,115.735487,35.835544,747.530000,-0.009748
117841.750000,115.735662,35.834769,777.430000,-0.006010
117933.390000,115.735393,35.834021,1136.240000,-0.002567
117933.390000,115.735393,35.834021,792.380000,-0.001524
118016.810000,115.735767,35.833378,523.270000,-0.001519
118100.220000,115.735932,35.832674,897.030000,-0.001514
118100.220000,115.735932,35.832674,1794.060000,0.005691
118177.840000,115.735387,35.832135,1106.340000,0.005684
118255.470000,115.734528,35.832135,433.570000,0.001493
118333.090000,115.733669,35.832135,1644.560000,-0.002838
118410.710000,115.732967,35.831865,867.130000,-0.002985
118410.710000,115.732967,35.831865,598.020000,0.000000
118480.480000,115.732967,35.831236,508.320000,0.000000
118550.250000,115.732967,35.830608,568.120000,0.000000
118620.020000,115.732967,35.829979,373.760000,0.000000
118620.020000,115.734315,35.828092,598.020000,0.003287
118709.280000,115.734045,35.827366,478.420000,0.004796
118798.550000,115.734315,35.826640,269.110000,0.007017
118887.810000,115.734944,35.826206,388.710000,0.005646
118977.080000,115.735932,35.826206,448.520000,0.003563
118977.080000,115.737549,35.825397,328.910000,0.002160
119067.730000,115.738395,35.825128,239.210000,0.003034
119158.380000,115.739398,35.825128,299.010000,0.003034
119249.020000,115.740244,35.825397,493.370000,0.002160
119249.020000,115.741591,35.825667,1375.450000,0.001547
119344.180000,115.741591,35.826525,926.930000,0.005073
119439.340000,115.741886,35.827284,508.320000,0.007480
119534.500000,115.742939,35.827284,538.220000,0.006361
119534.500000,115.743478,35.826206,493.370000,0.004010
119626.260000,115.744336,35.825936,448.520000,0.002958
119718.030000,115.745194,35.826206,358.810000,0.000000
119809.790000,115.746210,35.826206,328.910000,-0.000952
119901.550000,115.747225,35.826206,269.110000,0.000000
119993.320000,115.748241,35.826206,239.210000,0.001360
120085.080000,115.749256,35.826206,149.510000,0.004483
120176.840000,115.750052,35.826582,194.360000,0.004665
120268.610000,115.750485,35.827284,313.960000,0.003085
120268.610000,115.750485,35.827284,284.060000,0.002574
120362.690000,115.751341,35.827601,269.110000,0.001287
120456.760000,115.751998,35.828258,209.310000,0.000000
120550.840000,115.752854,35.828576,239.210000,0.001160
120644.910000,115.753512,35.829233,224.260000,0.001712
120738.990000,115.754169,35.829890,254.160000,0.001131
120833.060000,115.754617,35.830608,299.010000,0.000580
120927.140000,115.755066,35.831326,284.060000,0.000000
120927.140000,115.755066,35.831326,328.910000,0.001388
121024.110000,115.755744,35.832004,328.910000,0.001063
121121.070000,115.756144,35.832762,299.010000,0.000746
121218.040000,115.756681,35.833480,269.110000,0.000561
121315.010000,115.756941,35.834279,239.210000,-0.000063
121411.980000,115.757409,35.835017,284.060000,0.000291
121508.940000,115.757761,35.835789,299.010000,0.000031
121605.910000,115.758030,35.836585,328.910000,-0.000581
121702.880000,115.758569,35.837303,328.910000,0.000116
121799.840000,115.758866,35.838091,328.910000,0.000148
121896.810000,115.759335,35.838829,328.910000,0.001215
121993.780000,115.759647,35.839613,328.910000,0.000848
122090.740000,115.759647,35.840487,343.860000,-0.001330
122187.710000,115.760114,35.841225,373.760000,-0.000388
122284.680000,115.760456,35.842000,373.760000,0.001442
122381.650000,115.760725,35.842796,373.760000,0.000908
122478.610000,115.760725,35.843670,448.520000,0.000000
122575.580000,115.760995,35.844466,448.520000,0.000674
122672.550000,115.760995,35.845340,478.420000,0.001348
122672.550000,115.760995,35.845340,373.760000,0.001825
122753.800000,115.761264,35.845994,448.520000,0.001025
122835.050000,115.761295,35.846718,448.520000,0.001194
122916.290000,115.761534,35.847381,448.520000,0.002957
122997.540000,115.761264,35.848035,538.220000,0.003753
122997.540000,115.761264,35.848035,478.420000,0.001981
123097.110000,115.761803,35.848635,478.420000,0.001857
123196.680000,115.762073,35.849454,478.420000,0.001212
123296.260000,115.762342,35.850274,478.420000,-0.000000
123395.830000,115.762475,35.851133,463.470000,-0.000924
123495.400000,115.762881,35.851913,478.420000,0.000000
123594.970000,115.763240,35.852706,463.470000,0.000806
123694.540000,115.763420,35.853551,478.420000,-0.000000
123794.110000,115.763690,35.854371,433.570000,-0.000543
123893.690000,115.763959,35.855190,418.610000,-0.001397
123993.260000,115.764352,35.855974,418.610000,-0.002291
124092.830000,115.765048,35.856670,358.810000,-0.001702
124192.400000,115.765842,35.857198,328.910000,-0.000457
124291.970000,115.766630,35.857737,209.310000,-0.000862
124391.550000,115.767417,35.858276,149.510000,-0.002705
124491.120000,115.768362,35.858545,209.310000,-0.001809
124590.690000,115.769465,35.858545,239.210000,0.000567
124690.260000,115.770410,35.858815,269.110000,-0.000000
124789.830000,115.771410,35.858989,284.060000,-0.000262
124889.400000,115.772457,35.859084,299.010000,0.000000
124988.980000,115.773402,35.859354,358.810000,-0.001111
125088.550000,115.774504,35.859354,358.810000,-0.000805
125188.120000,115.775606,35.859354,418.610000,0.000805
125287.690000,115.776709,35.859354,418.610000,0.000805
125387.260000,115.777654,35.859623,418.610000,-0.000805
125486.840000,115.778756,35.859623,448.520000,0.000000
125586.410000,115.779858,35.859623,418.610000,0.000805
125685.980000,115.780803,35.859893,448.520000,-0.000805
125785.550000,115.781906,35.859893,478.420000,-0.000805
125885.120000,115.783008,35.859893,448.520000,0.000000
125984.690000,115.784110,35.859893,478.420000,0.000000
126084.270000,115.785213,35.859893,478.420000,0.000000
126183.840000,115.786315,35.859893,448.520000,0.000000
126283.410000,115.787417,35.859893,448.520000,0.000000
126382.980000,115.788520,35.859893,448.520000,0.000000
126482.550000,115.789622,35.859893,448.520000,-0.000805
126582.130000,115.790725,35.859893,448.520000,-0.000805
126681.700000,115.791669,35.859623,448.520000,0.000805
126781.270000,115.792772,35.859623,448.520000,0.000259
126880.840000,115.793874,35.859623,448.520000,-0.000805
126980.410000,115.794868,35.859437,403.660000,0.000307
127079.980000,115.795921,35.859354,418.610000,0.000805
127179.560000,115.797024,35.859354,418.610000,-0.000567
127279.130000,115.798126,35.859354,418.610000,-0.000805
127378.700000,115.799071,35.859084,418.610000,0.000805
127478.270000,115.800173,35.859084,418.610000,0.000532
127577.840000,115.801276,35.859084,388.710000,-0.000805
127677.420000,115.802323,35.858989,373.760000,-0.001100
127776.990000,115.803323,35.858815,388.710000,-0.000000
127876.560000,115.804268,35.858545,388.710000,0.000567
127976.130000,115.805370,35.858545,388.710000,0.000000
128075.700000,115.806315,35.858276,388.710000,-0.000000
128175.270000,115.807418,35.858276,388.710000,-0.000000
128274.850000,115.808363,35.858006,388.710000,0.000000
128374.420000,115.809465,35.858006,388.710000,-0.000811
128473.990000,115.810410,35.857737,388.710000,-0.000000
128573.560000,115.811368,35.857490,388.710000,0.000741
128673.130000,115.812457,35.857467,418.610000,-0.000871
128772.710000,115.813402,35.857198,403.660000,-0.000816
128872.280000,115.814350,35.856933,418.610000,-0.000024
128971.850000,115.815292,35.856659,418.610000,0.000291
129071.420000,115.816239,35.856392,433.570000,0.000568
129170.990000,115.817233,35.856206,448.520000,0.000269
129270.560000,115.818227,35.856021,463.470000,-0.000568
129370.140000,115.819221,35.855835,493.370000,-0.001149
129469.710000,115.820115,35.855480,448.520000,-0.000568
129569.280000,115.821010,35.855124,448.520000,0.000309
129668.850000,115.821907,35.854772,478.420000,0.000575
129768.420000,115.822852,35.854503,493.370000,-0.000035
129868.000000,115.823797,35.854233,508.320000,-0.000610
129967.570000,115.824688,35.853871,523.270000,-0.000274
130067.140000,115.825583,35.853516,508.320000,0.000300
130166.710000,115.826477,35.853160,508.320000,0.000573
130266.280000,115.827419,35.852886,553.170000,-0.000558
130365.850000,115.828364,35.852616,553.170000,-0.000905
130465.430000,115.829161,35.852093,568.120000,0.000814
130565.000000,115.830097,35.851808,553.170000,0.000674
130664.570000,115.831042,35.851538,538.220000,-0.000868
130764.140000,115.831944,35.851196,523.270000,-0.000426
130863.710000,115.832774,35.850730,523.270000,0.000712
130963.290000,115.833719,35.850460,508.320000,0.000169
131062.860000,115.834628,35.850129,523.270000,-0.000379
131162.430000,115.835523,35.849774,508.320000,0.000089
131262.000000,115.836418,35.849418,478.420000,0.001363
131361.570000,115.837342,35.849113,478.420000,0.002108
131461.140000,115.838444,35.849113,448.520000,0.000918
131560.720000,115.839547,35.849113,388.710000,-0.000275
131660.290000,115.840649,35.849113,299.010000,0.000000
131759.860000,115.841487,35.849026,284.060000,0.000523
131859.430000,115.842539,35.849113,239.210000,0.001459
131959.000000,115.843641,35.849113,239.210000,0.001842
132058.580000,115.844469,35.849583,224.260000,0.000468
132158.150000,115.845463,35.849768,209.310000,0.001040
132257.720000,115.846319,35.850191,179.410000,0.001279
132357.290000,115.847106,35.850730,164.460000,-0.000516
132456.860000,115.847948,35.851176,209.310000,0.000219
132556.440000,115.848839,35.851538,224.260000,0.000897
132656.010000,115.849539,35.852227,209.310000,-0.000407
132755.580000,115.850414,35.852616,239.210000,-0.000000
132855.150000,115.851202,35.853155,313.960000,0.000255
132954.720000,115.851989,35.853694,388.710000,-0.000280
133054.290000,115.852820,35.854160,433.570000,-0.000412
133153.870000,115.853615,35.854686,433.570000,-0.000949
133253.440000,115.854509,35.855042,448.520000,-0.001160
133253.440000,115.854509,35.855042,1435.250000,0.001994
133347.170000,115.855232,35.854503,1181.090000,0.004137
133440.900000,115.856113,35.854233,493.370000,0.007673
133534.630000,115.856935,35.854550,358.810000,0.007476
133628.360000,115.857204,35.855317,598.020000,0.004387
133722.090000,115.857204,35.856162,867.130000,0.002209
133815.820000,115.856935,35.856928,1151.190000,0.001530
133815.820000,115.856935,35.856928,478.420000,0.000000
133912.030000,115.857685,35.857467,508.320000,-0.000380
134008.250000,115.858436,35.858006,478.420000,0.000000
134104.460000,115.859250,35.858435,463.470000,0.000128
134200.680000,115.859937,35.859084,478.420000,-0.000773
134296.890000,115.860794,35.859440,493.370000,0.000000
134393.100000,115.861566,35.859942,478.420000,0.000602
134489.320000,115.862338,35.860445,478.420000,0.000000
134585.530000,115.863096,35.860971,478.420000,0.000170
134681.750000,115.863882,35.861449,493.370000,0.000454
134777.960000,115.864597,35.862049,508.320000,0.000000
134874.170000,115.865347,35.862588,508.320000,-0.000202
134970.390000,115.866098,35.863127,508.320000,-0.000000
134970.390000,115.866098,35.863127,1794.060000,0.005368
135050.730000,115.866673,35.862588,1106.340000,0.004768
135131.080000,115.867562,35.862588,747.530000,0.002526
135211.420000,115.868379,35.862463,493.370000,0.004220
135291.770000,115.869040,35.862565,373.760000,0.005640
135372.110000,115.869601,35.863127,553.170000,0.003724
135372.110000,115.869601,35.863127,553.170000,0.000000
135468.080000,115.870371,35.863627,343.860000,0.000578
135564.040000,115.871141,35.864128,328.910000,0.000578
135660.010000,115.871812,35.864799,299.010000,0.001113
135755.970000,115.872582,35.865299,313.960000,0.002771
135851.940000,115.872835,35.866091,403.660000,0.003315
135851.940000,115.872835,35.866091,538.220000,0.002491
135939.250000,115.873644,35.866361,269.110000,0.004880
136026.560000,115.874183,35.866851,313.960000,0.004692
136113.870000,115.874183,35.867638,433.570000,0.000174
136201.180000,115.874452,35.868347,553.170000,-0.000885
136288.500000,115.874722,35.869056,598.020000,0.000000
136288.500000,115.874722,35.869056,508.320000,-0.001007
136387.420000,115.875413,35.869747,508.320000,-0.000558
136486.340000,115.876204,35.870268,508.320000,0.000000
136585.250000,115.876906,35.870942,553.170000,-0.000372
136684.170000,115.877686,35.871481,523.270000,-0.000853
136684.170000,115.877686,35.871481,1539.900000,0.000847
136768.870000,115.878278,35.870889,986.730000,0.003122
136853.570000,115.878932,35.870403,1091.390000,0.005940
136938.270000,115.879870,35.870403,493.370000,0.004486
137022.970000,115.880650,35.870673,463.470000,0.002490
137022.970000,115.880111,35.871481,403.660000,0.002090
137095.340000,115.879506,35.871817,1225.940000,0.001999
137167.710000,115.879000,35.872323,1375.450000,0.000954
137240.080000,115.878494,35.872828,1539.900000,-0.000000
137240.080000,115.878494,35.872828,403.660000,0.000000
137331.950000,115.879137,35.873471,418.610000,-0.000133
137423.810000,115.879779,35.874113,403.660000,-0.000586
137515.680000,115.880444,35.874715,403.660000,0.000275
137607.540000,115.881162,35.875227,328.910000,0.001164
137699.410000,115.881596,35.875930,313.960000,-0.000247
137791.270000,115.882238,35.876572,328.910000,-0.000578
137883.140000,115.882806,35.877094,269.110000,-0.000383
137975.000000,115.883412,35.877746,239.210000,-0.001219
138066.870000,115.884154,35.878218,179.410000,-0.001461
138066.870000,115.884962,35.879027,224.260000,-0.001161
138162.470000,115.885213,35.879816,164.460000,-0.001158
138258.070000,115.885672,35.880545,239.210000,-0.000578
138353.670000,115.886131,35.881274,239.210000,-0.000561
138449.270000,115.886590,35.882002,224.260000,-0.001094
138544.870000,115.887259,35.882671,299.010000,-0.000533
138640.460000,115.887927,35.883339,358.810000,0.000000
138640.460000,115.888466,35.884417,478.420000,-0.000982
138717.030000,115.888140,35.885012,403.660000,0.000787
138793.590000,115.887927,35.885641,463.470000,0.003242
138870.160000,115.887388,35.886034,448.520000,0.003928
138870.160000,115.887388,35.886034,433.570000,0.001046
138967.530000,115.887118,35.886833,328.910000,0.001061
139064.900000,115.886654,35.887576,254.160000,0.001097
139162.260000,115.886182,35.888318,254.160000,0.001072
139259.630000,115.885501,35.888998,209.310000,0.001027
139259.630000,115.885501,35.888998,179.410000,0.002225
139357.150000,115.885238,35.889801,269.110000,0.002681
139454.670000,115.884556,35.890482,299.010000,0.001569
139552.190000,115.883775,35.890994,358.810000,0.000000
139649.700000,115.883093,35.891676,433.570000,0.000558
139747.220000,115.882312,35.892187,448.520000,0.001147
139844.740000,115.881531,35.892699,478.420000,0.001194
139942.260000,115.880650,35.893041,478.420000,0.001211
139942.260000,115.880650,35.893041,657.820000,0.002121
140040.540000,115.880591,35.893909,583.070000,0.002756
140138.820000,115.880113,35.894656,269.110000,0.003922
140237.100000,115.879513,35.895197,508.320000,0.003212
140335.380000,115.878550,35.895411,538.220000,0.003518
140433.660000,115.877651,35.895736,747.530000,0.005341
140531.940000,115.876878,35.895197,1689.410000,0.005617
140531.940000,115.876069,35.895736,553.170000,0.002280
140625.640000,115.875623,35.896451,508.320000,0.002309
140719.340000,115.874869,35.896936,508.320000,0.001223
140813.040000,115.874114,35.897421,418.610000,0.000640
140906.740000,115.873351,35.897891,433.570000,0.000532
141000.450000,115.872506,35.898221,403.660000,-0.000640
141094.150000,115.871751,35.898706,403.660000,-0.000955
141187.850000,115.870997,35.899191,343.860000,0.000424
141281.550000,115.870302,35.899778,358.810000,0.000977
141375.250000,115.869422,35.900047,343.860000,0.001093
141468.950000,115.868699,35.900586,328.910000,0.001040
141562.650000,115.867681,35.900620,328.910000,-0.000780
141656.350000,115.866938,35.901125,358.810000,0.001008
141750.050000,115.866058,35.901395,538.220000,0.002831
141843.750000,115.865020,35.901395,508.320000,0.001825
141843.750000,115.865020,35.901395,478.420000,0.002137
141941.630000,115.864335,35.902079,448.520000,0.001653
142039.510000,115.863452,35.902423,403.660000,0.000000
142137.390000,115.862669,35.902938,388.710000,-0.001138
142235.270000,115.861885,35.903452,403.660000,-0.001068
142333.150000,115.861201,35.904136,358.810000,-0.002052
142431.030000,115.860516,35.904820,358.810000,-0.003303
142528.910000,115.860438,35.905680,254.160000,-0.002174
142626.790000,115.860438,35.906562,224.260000,-0.000846
142724.670000,115.860532,35.907417,179.410000,-0.000891
142822.550000,115.860708,35.908249,209.310000,-0.000699
142920.430000,115.860977,35.909053,209.310000,-0.000458
143018.310000,115.861247,35.909857,299.010000,-0.000000
143116.190000,115.861597,35.910638,269.110000,0.000423
143214.070000,115.861786,35.911465,284.060000,-0.000714
143311.950000,115.862055,35.912270,328.910000,-0.000925
143409.830000,115.862594,35.912996,358.810000,0.000151
143507.710000,115.862864,35.913800,358.810000,0.000714
143605.600000,115.863346,35.914543,388.710000,0.001648
143703.480000,115.863403,35.915409,448.520000,0.002171
143703.480000,115.863403,35.915409,418.610000,-0.000000
143802.270000,115.863984,35.915990,448.520000,-0.000000
143901.060000,115.864675,35.916680,433.570000,0.000499
143999.850000,115.865365,35.917371,418.610000,0.000000
144098.640000,115.865847,35.918122,418.610000,-0.001487
144197.430000,115.866637,35.918643,418.610000,-0.001048
144296.220000,115.867417,35.919182,328.910000,-0.000119
144395.000000,115.868217,35.919684,328.910000,-0.000000
144493.790000,115.869007,35.920205,269.110000,-0.000513
144592.580000,115.869798,35.920725,194.360000,-0.001162
144691.370000,115.870687,35.921076,179.410000,0.000000
144790.160000,115.871577,35.921427,164.460000,0.000064
144888.950000,115.872367,35.921947,164.460000,-0.002279
144987.740000,115.873345,35.922146,149.510000,-0.001834
145086.530000,115.874440,35.922146,149.510000,0.000224
145185.320000,115.875433,35.922319,164.460000,-0.000231
145284.110000,115.876471,35.922415,209.310000,-0.000818
145382.900000,115.877566,35.922415,299.010000,-0.000012
145481.690000,115.878661,35.922415,358.810000,0.000000
145580.480000,115.879489,35.922499,373.760000,-0.000513
145679.270000,115.880535,35.922415,418.610000,0.000000
145778.050000,115.881629,35.922415,448.520000,0.000243
145876.840000,115.882724,35.922415,418.610000,-0.000818
145975.630000,115.883818,35.922415,418.610000,-0.000818
146074.420000,115.884755,35.922146,388.710000,0.001636
146173.210000,115.885850,35.922146,358.810000,0.003239
146272.000000,115.886787,35.922415,328.910000,-0.000818
146370.790000,115.887500,35.922842,224.260000,-0.003756
146469.580000,115.888346,35.922415,299.010000,-0.000818
146568.370000,115.889440,35.922415,388.710000,0.001667
146667.160000,115.890377,35.922146,418.610000,0.003157
146765.950000,115.891258,35.922512,418.610000,0.001362
146864.740000,115.892147,35.922863,403.660000,-0.001221
146963.530000,115.893136,35.923043,418.610000,-0.000576
147062.310000,115.894125,35.923224,358.810000,0.000000
147062.310000,115.894125,35.923224,598.020000,-0.001405
147147.990000,115.894515,35.923883,493.370000,-0.003548
147233.680000,115.895114,35.924483,388.710000,-0.005140
147319.360000,115.896012,35.924571,358.810000,-0.004589
147319.360000,115.896012,35.924571,239.210000,-0.008192
147396.940000,115.896714,35.924841,254.160000,-0.009072
147474.510000,115.897295,35.924366,792.380000,-0.006147
147552.090000,115.897629,35.923763,1345.550000,-0.002341
147552.090000,115.897629,35.923763,299.010000,0.001175
147649.760000,115.898610,35.923936,209.310000,0.001191
147747.430000,115.899492,35.924279,179.410000,0.001207
147845.100000,115.900374,35.924621,164.460000,0.001190
147942.760000,115.901156,35.925134,104.650000,0.001660
148040.430000,115.901938,35.925647,134.550000,0.002120
148138.100000,115.902412,35.926390,134.550000,0.000539
148235.770000,115.902886,35.927134,179.410000,-0.000537
148333.440000,115.903557,35.927820,179.410000,0.000875
148431.110000,115.904043,35.928560,224.260000,0.001477
148528.770000,115.904366,35.929347,239.210000,0.000342
148626.440000,115.904635,35.930149,239.210000,-0.001317
148724.110000,115.905046,35.930911,269.110000,-0.001114
148821.780000,115.905729,35.931594,209.310000,0.003785
148919.450000,115.906093,35.932277,179.410000,0.005302
149017.120000,115.905410,35.932960,179.410000,0.000316
149114.780000,115.905145,35.933763,149.510000,-0.001859
149212.450000,115.904905,35.934574,149.510000,-0.000613
149310.120000,115.904905,35.935454,179.410000,0.000776
149407.790000,115.904635,35.936257,209.310000,0.001419
149505.460000,115.904366,35.937059,299.010000,0.000717
149603.130000,115.903827,35.937783,299.010000,-0.000728
149700.790000,115.903557,35.938586,313.960000,-0.000717
149798.460000,115.903292,35.939389,358.810000,0.000542
149896.130000,115.903018,35.940191,403.660000,0.000717
149993.800000,115.902554,35.940936,403.660000,-0.000000
150091.470000,115.902210,35.941717,463.470000,-0.000396
150189.140000,115.901815,35.942484,418.610000,-0.000148
150286.800000,115.901550,35.943287,448.520000,-0.000346
150384.470000,115.901132,35.944047,448.520000,-0.000383
150482.140000,115.901021,35.944895,463.470000,0.000446
150579.810000,115.900593,35.945651,508.320000,0.001349
150677.480000,115.900324,35.946454,538.220000,0.002984
150775.150000,115.899665,35.946939,598.020000,0.002608
150872.810000,115.898827,35.947358,508.320000,0.000385
150970.480000,115.897973,35.947748,358.810000,0.000000
151068.150000,115.897163,35.948214,164.460000,0.000603
151165.820000,115.896281,35.948556,,0.000874
