Cf,Fr,omega_i_max,alpha_crit
0.000300,0.0800,0.051401,0.009310
0.000300,0.1162,0.051392,0.009304
0.000300,0.1525,0.051379,0.009296
0.000300,0.1887,0.051362,0.009285
0.000300,0.2250,0.051342,0.009273
0.000300,0.2612,0.051319,0.009259
0.000300,0.2975,0.051292,0.009243
0.000300,0.3337,0.051262,0.009224
0.000300,0.3700,0.051229,0.009204
0.000300,0.4062,0.051192,0.009182
0.000300,0.4425,0.051153,0.009158
0.000300,0.4788,0.051110,0.009132
0.000300,0.5150,0.051063,0.009105
0.000300,0.5512,0.051014,0.009076
0.000300,0.5875,0.050962,0.009046
0.000300,0.6237,0.050907,0.009014
0.000300,0.6600,0.050849,0.008981
0.000300,0.6962,0.050788,0.008946
0.000300,0.7325,0.050724,0.008911
0.000300,0.7687,0.050658,0.008874
0.000300,0.8050,0.050589,0.008836
0.000300,0.8412,0.050518,0.008802
0.000300,0.8775,0.050444,0.008750
0.000300,0.9137,0.050368,0.008718
0.000300,0.9500,0.050289,0.008678
0.000363,0.0800,0.063330,0.009962
0.000363,0.1162,0.063316,0.009956
0.000363,0.1525,0.063296,0.009947
0.000363,0.1887,0.063272,0.009935
0.000363,0.2250,0.063242,0.009921
0.000363,0.2612,0.063208,0.009905
0.000363,0.2975,0.063168,0.009886
0.000363,0.3337,0.063123,0.009865
0.000363,0.3700,0.063073,0.009842
0.000363,0.4062,0.063019,0.009817
0.000363,0.4425,0.062960,0.009789
0.000363,0.4788,0.062896,0.009760
0.000363,0.5150,0.062827,0.009728
0.000363,0.5512,0.062754,0.009695
0.000363,0.5875,0.062676,0.009660
0.000363,0.6237,0.062594,0.009624
0.000363,0.6600,0.062508,0.009585
0.000363,0.6962,0.062418,0.009545
0.000363,0.7325,0.062323,0.009504
0.000363,0.7687,0.062225,0.009461
0.000363,0.8050,0.062123,0.009417
0.000363,0.8412,0.062017,0.009372
0.000363,0.8775,0.061907,0.009326
0.000363,0.9137,0.061794,0.009279
0.000363,0.9500,0.061677,0.009231
0.000440,0.0800,0.076734,0.010675
0.000440,0.1162,0.076713,0.010668
0.000440,0.1525,0.076685,0.010658
0.000440,0.1887,0.076650,0.010645
0.000440,0.2250,0.076607,0.010630
0.000440,0.2612,0.076557,0.010612
0.000440,0.2975,0.076499,0.010592
0.000440,0.3337,0.076435,0.010569
0.000440,0.3700,0.076363,0.010544
0.000440,0.4062,0.076284,0.010516
0.000440,0.4425,0.076198,0.010461
0.000440,0.4788,0.076106,0.010429
0.000440,0.5150,0.076006,0.010395
0.000440,0.5512,0.075901,0.010359
0.000440,0.5875,0.075789,0.010321
0.000440,0.6237,0.075670,0.010282
0.000440,0.6600,0.075546,0.010241
0.000440,0.6962,0.075415,0.010213
0.000440,0.7325,0.075279,0.010166
0.000440,0.7687,0.075137,0.010109
0.000440,0.8050,0.074990,0.010059
0.000440,0.8412,0.074837,0.010016
0.000440,0.8775,0.074679,0.009963
0.000440,0.9137,0.074517,0.009909
0.000440,0.9500,0.074349,0.009854
0.000533,0.0800,0.091631,0.011412
0.000533,0.1162,0.091602,0.011404
0.000533,0.1525,0.091562,0.011393
0.000533,0.1887,0.091512,0.011379
0.000533,0.2250,0.091451,0.011362
0.000533,0.2612,0.091380,0.011342
0.000533,0.2975,0.091299,0.011319
0.000533,0.3337,0.091208,0.011293
0.000533,0.3700,0.091106,0.011265
0.000533,0.4062,0.090995,0.011234
0.000533,0.4425,0.090874,0.011200
0.000533,0.4788,0.090743,0.011164
0.000533,0.5150,0.090603,0.011126
0.000533,0.5512,0.090454,0.011085
0.000533,0.5875,0.090296,0.011032
0.000533,0.6237,0.090129,0.010987
0.000533,0.6600,0.089953,0.010939
0.000533,0.6962,0.089770,0.010889
0.000533,0.7325,0.089578,0.010838
0.000533,0.7687,0.089378,0.010810
0.000533,0.8050,0.089171,0.010756
0.000533,0.8412,0.088956,0.010699
0.000533,0.8775,0.088734,0.010642
0.000533,0.9137,0.088506,0.010583
0.000533,0.9500,0.088271,0.010497
0.000646,0.0800,0.107995,0.012208
0.000646,0.1162,0.107955,0.012200
0.000646,0.1525,0.107900,0.012188
0.000646,0.1887,0.107831,0.012173
0.000646,0.2250,0.107747,0.012156
0.000646,0.2612,0.107649,0.012135
0.000646,0.2975,0.107536,0.012112
0.000646,0.3337,0.107409,0.012086
0.000646,0.3700,0.107269,0.012031
0.000646,0.4062,0.107115,0.012000
0.000646,0.4425,0.106947,0.011967
0.000646,0.4788,0.106766,0.011932
0.000646,0.5150,0.106573,0.011888
0.000646,0.5512,0.106367,0.011848
0.000646,0.5875,0.106148,0.011795
0.000646,0.6237,0.105918,0.011744
0.000646,0.6600,0.105675,0.011690
0.000646,0.6962,0.105422,0.011635
0.000646,0.7325,0.105157,0.011572
0.000646,0.7687,0.104882,0.011512
0.000646,0.8050,0.104597,0.011449
0.000646,0.8412,0.104301,0.011385
0.000646,0.8775,0.103996,0.011319
0.000646,0.9137,0.103681,0.011252
0.000646,0.9500,0.103358,0.011183
0.000783,0.0800,0.125756,0.013053
0.000783,0.1162,0.125701,0.013042
0.000783,0.1525,0.125627,0.013028
0.000783,0.1887,0.125532,0.013010
0.000783,0.2250,0.125418,0.012989
0.000783,0.2612,0.125284,0.012964
0.000783,0.2975,0.125131,0.012935
0.000783,0.3337,0.124959,0.012906
0.000783,0.3700,0.124768,0.012870
0.000783,0.4062,0.124558,0.012831
0.000783,0.4425,0.124331,0.012789
0.000783,0.4788,0.124085,0.012744
0.000783,0.5150,0.123822,0.012670
0.000783,0.5512,0.123543,0.012638
0.000783,0.5875,0.123246,0.012585
0.000783,0.6237,0.122933,0.012527
0.000783,0.6600,0.122605,0.012466
0.000783,0.6962,0.122262,0.012397
0.000783,0.7325,0.121903,0.012323
0.000783,0.7687,0.121531,0.012268
0.000783,0.8050,0.121145,0.012204
0.000783,0.8412,0.120745,0.012112
0.000783,0.8775,0.120333,0.012044
0.000783,0.9137,0.119908,0.011974
0.000783,0.9500,0.119472,0.011898
0.000949,0.0800,0.144793,0.013924
0.000949,0.1162,0.144720,0.013912
0.000949,0.1525,0.144620,0.013896
0.000949,0.1887,0.144494,0.013876
0.000949,0.2250,0.144340,0.013841
0.000949,0.2612,0.144161,0.013811
0.000949,0.2975,0.143956,0.013778
0.000949,0.3337,0.143726,0.013747
0.000949,0.3700,0.143470,0.013708
0.000949,0.4062,0.143190,0.013652
0.000949,0.4425,0.142885,0.013614
0.000949,0.4788,0.142557,0.013553
0.000949,0.5150,0.142206,0.013500
0.000949,0.5512,0.141832,0.013449
0.000949,0.5875,0.141436,0.013386
0.000949,0.6237,0.141019,0.013334
0.000949,0.6600,0.140581,0.013264
0.000949,0.6962,0.140123,0.013177
0.000949,0.7325,0.139646,0.013111
0.000949,0.7687,0.139150,0.013032
0.000949,0.8050,0.138636,0.012952
0.000949,0.8412,0.138104,0.012871
0.000949,0.8775,0.137557,0.012799
0.000949,0.9137,0.136993,0.012694
0.000949,0.9500,0.130791,0.020931
0.001149,0.0800,0.167002,0.023997
0.001149,0.1162,0.166947,0.023980
0.001149,0.1525,0.166871,0.023957
0.001149,0.1887,0.166775,0.023930
0.001149,0.2250,0.166659,0.023893
0.001149,0.2612,0.166523,0.023852
0.001149,0.2975,0.166367,0.023805
0.001149,0.3337,0.166192,0.023753
0.001149,0.3700,0.165998,0.023694
0.001149,0.4062,0.165784,0.023630
0.001149,0.4425,0.165552,0.023560
0.001149,0.4788,0.165302,0.023484
0.001149,0.5150,0.165033,0.023402
0.001149,0.5512,0.164747,0.023314
0.001149,0.5875,0.164444,0.023239
0.001149,0.6237,0.164124,0.023146
0.001149,0.6600,0.163787,0.023047
0.001149,0.6962,0.163434,0.022945
0.001149,0.7325,0.163066,0.022841
0.001149,0.7687,0.162682,0.022733
0.001149,0.8050,0.162284,0.022622
0.001149,0.8412,0.161871,0.022507
0.001149,0.8775,0.161445,0.022390
0.001149,0.9137,0.161005,0.022269
0.001149,0.9500,0.160552,0.022146
0.001392,0.0800,0.201755,0.025533
0.001392,0.1162,0.201675,0.025519
0.001392,0.1525,0.201567,0.025500
0.001392,0.1887,0.201429,0.025467
0.001392,0.2250,0.201263,0.025428
0.001392,0.2612,0.201068,0.025381
0.001392,0.2975,0.200844,0.025328
0.001392,0.3337,0.200593,0.025269
0.001392,0.3700,0.200315,0.025204
0.001392,0.4062,0.200009,0.025132
0.001392,0.4425,0.199677,0.025059
0.001392,0.4788,0.199318,0.024975
0.001392,0.5150,0.198934,0.024889
0.001392,0.5512,0.198525,0.024789
0.001392,0.5875,0.198092,0.024687
0.001392,0.6237,0.197634,0.024581
0.001392,0.6600,0.197153,0.024469
0.001392,0.6962,0.196650,0.024353
0.001392,0.7325,0.196124,0.024258
0.001392,0.7687,0.195578,0.024133
0.001392,0.8050,0.195010,0.024004
0.001392,0.8412,0.194423,0.023872
0.001392,0.8775,0.193817,0.023735
0.001392,0.9137,0.193191,0.023598
0.001392,0.9500,0.192549,0.023458
0.001687,0.0800,0.239203,0.027190
0.001687,0.1162,0.239092,0.027169
0.001687,0.1525,0.238940,0.027140
0.001687,0.1887,0.238748,0.027103
0.001687,0.2250,0.238517,0.027059
0.001687,0.2612,0.238245,0.027007
0.001687,0.2975,0.237934,0.026948
0.001687,0.3337,0.237584,0.026882
0.001687,0.3700,0.237196,0.026809
0.001687,0.4062,0.236771,0.026729
0.001687,0.4425,0.236309,0.026642
0.001687,0.4788,0.235810,0.026548
0.001687,0.5150,0.235276,0.026448
0.001687,0.5512,0.234708,0.026327
0.001687,0.5875,0.234105,0.026230
0.001687,0.6237,0.233470,0.026118
0.001687,0.6600,0.232803,0.025994
0.001687,0.6962,0.232105,0.025883
0.001687,0.7325,0.231377,0.025721
0.001687,0.7687,0.230620,0.025580
0.001687,0.8050,0.229834,0.025434
0.001687,0.8412,0.229022,0.025310
0.001687,0.8775,0.228184,0.025155
0.001687,0.9137,0.227321,0.024997
0.001687,0.9500,0.226434,0.024835
0.002044,0.0800,0.279051,0.028938
0.002044,0.1162,0.278900,0.028914
0.002044,0.1525,0.278693,0.028883
0.002044,0.1887,0.278432,0.028842
0.002044,0.2250,0.278116,0.028791
0.002044,0.2612,0.277746,0.028733
0.002044,0.2975,0.277322,0.028658
0.002044,0.3337,0.276846,0.028582
0.002044,0.3700,0.276318,0.028498
0.002044,0.4062,0.275739,0.028406
0.002044,0.4425,0.275111,0.028307
0.002044,0.4788,0.274433,0.028199
0.002044,0.5150,0.273707,0.028085
0.002044,0.5512,0.272935,0.027962
0.002044,0.5875,0.272118,0.027837
0.002044,0.6237,0.271256,0.027702
0.002044,0.6600,0.270351,0.027561
0.002044,0.6962,0.269405,0.027415
0.002044,0.7325,0.268419,0.027263
0.002044,0.7687,0.267395,0.027106
0.002044,0.8050,0.266333,0.026943
0.002044,0.8412,0.265236,0.026776
0.002044,0.8775,0.264104,0.026604
0.002044,0.9137,0.262940,0.026429
0.002044,0.9500,0.261744,0.026263
0.002476,0.0800,0.320908,0.030765
0.002476,0.1162,0.320706,0.030737
0.002476,0.1525,0.320430,0.030700
0.002476,0.1887,0.320080,0.030652
0.002476,0.2250,0.319657,0.030589
0.002476,0.2612,0.319162,0.030515
0.002476,0.2975,0.318596,0.030441
0.002476,0.3337,0.317960,0.030371
0.002476,0.3700,0.317255,0.030279
0.002476,0.4062,0.316482,0.030168
0.002476,0.4425,0.315643,0.030048
0.002476,0.4788,0.314739,0.029929
0.002476,0.5150,0.313771,0.029795
0.002476,0.5512,0.312742,0.029652
0.002476,0.5875,0.311653,0.029499
0.002476,0.6237,0.310506,0.029364
0.002476,0.6600,0.309302,0.029195
0.002476,0.6962,0.308045,0.029026
0.002476,0.7325,0.306735,0.028857
0.002476,0.7687,0.305374,0.028677
0.002476,0.8050,0.303966,0.028490
0.002476,0.8412,0.302511,0.028299
0.002476,0.8775,0.301013,0.028102
0.002476,0.9137,0.299472,0.027900
0.002476,0.9500,0.297892,0.027691
0.003000,0.0800,0.372740,0.043721
0.003000,0.1162,0.372540,0.043686
0.003000,0.1525,0.372266,0.043638
0.003000,0.1887,0.371920,0.043578
0.003000,0.2250,0.371501,0.043505
0.003000,0.2612,0.371010,0.043419
0.003000,0.2975,0.370449,0.043321
0.003000,0.3337,0.369817,0.043212
0.003000,0.3700,0.369117,0.043083
0.003000,0.4062,0.368349,0.042950
0.003000,0.4425,0.367514,0.042806
0.003000,0.4788,0.366615,0.042651
0.003000,0.5150,0.365651,0.042485
0.003000,0.5512,0.364626,0.042308
0.003000,0.5875,0.363540,0.042123
0.003000,0.6237,0.362394,0.041928
0.003000,0.6600,0.361192,0.041724
0.003000,0.6962,0.359934,0.041511
0.003000,0.7325,0.358622,0.041290
0.003000,0.7687,0.357259,0.041055
0.003000,0.8050,0.355845,0.040815
0.003000,0.8412,0.354383,0.040574
0.003000,0.8775,0.352875,0.040322
0.003000,0.9137,0.351323,0.040088
0.003000,0.9500,0.349728,0.039824
0.003635,0.0800,0.436469,0.046391
0.003635,0.1162,0.436195,0.046351
0.003635,0.1525,0.435821,0.046296
0.003635,0.1887,0.435346,0.046227
0.003635,0.2250,0.434773,0.046143
0.003635,0.2612,0.434102,0.046045
0.003635,0.2975,0.433334,0.045933
0.003635,0.3337,0.432470,0.045807
0.003635,0.3700,0.431513,0.045668
0.003635,0.4062,0.430464,0.045515
0.003635,0.4425,0.429325,0.045350
0.003635,0.4788,0.428097,0.045172
0.003635,0.5150,0.426782,0.044982
0.003635,0.5512,0.425384,0.044781
0.003635,0.5875,0.423904,0.044568
0.003635,0.6237,0.422345,0.044344
0.003635,0.6600,0.420708,0.044110
0.003635,0.6962,0.418998,0.043867
0.003635,0.7325,0.417215,0.043613
0.003635,0.7687,0.415364,0.043351
0.003635,0.8050,0.413446,0.043080
0.003635,0.8412,0.411465,0.042801
0.003635,0.8775,0.409423,0.042513
0.003635,0.9137,0.407323,0.042218
0.003635,0.9500,0.405167,0.041917
0.004403,0.0800,0.502484,0.049204
0.004403,0.1162,0.502117,0.049158
0.004403,0.1525,0.501615,0.049095
0.004403,0.1887,0.500979,0.049015
0.004403,0.2250,0.500211,0.048918
0.004403,0.2612,0.499312,0.048805
0.004403,0.2975,0.498283,0.048677
0.004403,0.3337,0.497128,0.048532
0.004403,0.3700,0.495847,0.048372
0.004403,0.4062,0.494443,0.048198
0.004403,0.4425,0.492920,0.048022
0.004403,0.4788,0.491279,0.047803
0.004403,0.5150,0.489524,0.047590
0.004403,0.5512,0.487658,0.047358
0.004403,0.5875,0.485684,0.047112
0.004403,0.6237,0.483605,0.046859
0.004403,0.6600,0.481426,0.046579
0.004403,0.6962,0.479149,0.046305
0.004403,0.7325,0.476779,0.046018
0.004403,0.7687,0.474319,0.045716
0.004403,0.8050,0.471774,0.045400
0.004403,0.8412,0.469146,0.045074
0.004403,0.8775,0.466441,0.044763
0.004403,0.9137,0.463661,0.044421
0.004403,0.9500,0.460812,0.044071
0.005335,0.0800,0.576436,0.064429
0.005335,0.1162,0.576039,0.064389
0.005335,0.1525,0.575496,0.064310
0.005335,0.1887,0.574809,0.064210
0.005335,0.2250,0.573978,0.064090
0.005335,0.2612,0.573006,0.063949
0.005335,0.2975,0.571893,0.063788
0.005335,0.3337,0.570643,0.063608
0.005335,0.3700,0.569257,0.063410
0.005335,0.4062,0.567737,0.063192
0.005335,0.4425,0.566087,0.062983
0.005335,0.4788,0.564309,0.062731
0.005335,0.5150,0.562406,0.062462
0.005335,0.5512,0.560382,0.062178
0.005335,0.5875,0.558240,0.061878
0.005335,0.6237,0.555983,0.061563
0.005335,0.6600,0.553615,0.061234
0.005335,0.6962,0.551140,0.060892
0.005335,0.7325,0.548562,0.060537
0.005335,0.7687,0.545885,0.060144
0.005335,0.8050,0.543112,0.059766
0.005335,0.8412,0.540248,0.059376
0.005335,0.8775,0.537296,0.058977
0.005335,0.9137,0.534262,0.058567
0.005335,0.9500,0.531148,0.058149
0.006463,0.0800,0.667050,0.068252
0.006463,0.1162,0.666514,0.068187
0.006463,0.1525,0.665781,0.068097
0.006463,0.1887,0.664854,0.067984
0.006463,0.2250,0.663734,0.067847
0.006463,0.2612,0.662423,0.067687
0.006463,0.2975,0.660923,0.067504
0.006463,0.3337,0.659238,0.067298
0.006463,0.3700,0.657371,0.067071
0.006463,0.4062,0.655325,0.066822
0.006463,0.4425,0.653105,0.066553
0.006463,0.4788,0.650714,0.066264
0.006463,0.5150,0.648157,0.065956
0.006463,0.5512,0.645439,0.065629
0.006463,0.5875,0.642564,0.065283
0.006463,0.6237,0.639537,0.064920
0.006463,0.6600,0.636364,0.064522
0.006463,0.6962,0.633051,0.064148
0.006463,0.7325,0.629602,0.063734
0.006463,0.7687,0.626024,0.063306
0.006463,0.8050,0.622321,0.062865
0.006463,0.8412,0.618501,0.062411
0.006463,0.8775,0.614569,0.061945
0.006463,0.9137,0.610530,0.061469
0.006463,0.9500,0.606391,0.060982
0.007830,0.0800,0.758751,0.072242
0.007830,0.1162,0.758041,0.072169
0.007830,0.1525,0.757071,0.072069
0.007830,0.1887,0.755844,0.071942
0.007830,0.2250,0.754361,0.071782
0.007830,0.2612,0.752626,0.071595
0.007830,0.2975,0.750642,0.071381
0.007830,0.3337,0.748414,0.071141
0.007830,0.3700,0.745947,0.070876
0.007830,0.4062,0.743244,0.070586
0.007830,0.4425,0.740313,0.070272
0.007830,0.4788,0.737158,0.069934
0.007830,0.5150,0.733787,0.069574
0.007830,0.5512,0.730205,0.069192
0.007830,0.5875,0.726420,0.068789
0.007830,0.6237,0.722438,0.068366
0.007830,0.6600,0.718268,0.067922
0.007830,0.6962,0.713917,0.067461
0.007830,0.7325,0.709392,0.066982
0.007830,0.7687,0.704702,0.066497
0.007830,0.8050,0.699855,0.065977
0.007830,0.8412,0.700566,0.078317
0.007830,0.8775,0.696116,0.077757
0.007830,0.9137,0.691543,0.077180
0.007830,0.9500,0.686855,0.076598
0.009487,0.0800,0.871608,0.090300
0.009487,0.1162,0.870795,0.090210
0.009487,0.1525,0.869685,0.090087
0.009487,0.1887,0.868280,0.089931
0.009487,0.2250,0.866583,0.089742
0.009487,0.2612,0.864596,0.089518
0.009487,0.2975,0.862325,0.089262
0.009487,0.3337,0.859774,0.088949
0.009487,0.3700,0.856948,0.088631
0.009487,0.4062,0.853853,0.088284
0.009487,0.4425,0.850494,0.087907
0.009487,0.4788,0.846879,0.087509
0.009487,0.5150,0.843014,0.087072
0.009487,0.5512,0.838908,0.086613
0.009487,0.5875,0.834567,0.086127
0.009487,0.6237,0.830000,0.085618
0.009487,0.6600,0.825214,0.085090
0.009487,0.6962,0.820220,0.084541
0.009487,0.7325,0.815025,0.083944
0.009487,0.7687,0.809638,0.083352
0.009487,0.8050,0.804069,0.082739
0.009487,0.8412,0.798326,0.082105
0.009487,0.8775,0.792419,0.081454
0.009487,0.9137,0.786357,0.080803
0.009487,0.9500,0.780150,0.080126
0.011494,0.0800,0.986642,0.092267
0.011494,0.1162,0.985625,0.092268
0.011494,0.1525,0.984233,0.092268
0.011494,0.1887,0.982466,0.092269
0.011494,0.2250,0.980324,0.092269
0.011494,0.2612,0.977808,0.092270
0.011494,0.2975,0.974919,0.092271
0.011494,0.3337,0.971657,0.092272
0.011494,0.3700,0.968024,0.092273
0.011494,0.4062,0.964020,0.092274
0.011494,0.4425,0.959646,0.092271
0.011494,0.4788,0.954904,0.092212
0.011494,0.5150,0.949823,0.091706
0.011494,0.5512,0.944427,0.091170
0.011494,0.5875,0.938728,0.090611
0.011494,0.6237,0.932738,0.090005
0.011494,0.6600,0.926468,0.089384
0.011494,0.6962,0.919930,0.088737
0.011494,0.7325,0.913137,0.088063
0.011494,0.7687,0.906100,0.087386
0.011494,0.8050,0.898834,0.086658
0.011494,0.8412,0.891351,0.085916
0.011494,0.8775,0.883664,0.085160
0.011494,0.9137,0.875786,0.084393
0.011494,0.9500,0.867730,0.083599
0.013925,0.0800,1.094546,0.092265
0.013925,0.1162,1.093330,0.092265
0.013925,0.1525,1.091665,0.092266
0.013925,0.1887,1.089552,0.092268
0.013925,0.2250,1.086992,0.092271
0.013925,0.2612,1.083984,0.092274
0.013925,0.2975,1.080530,0.092278
0.013925,0.3337,1.076613,0.092268
0.013925,0.3700,1.072263,0.092268
0.013925,0.4062,1.067470,0.092268
0.013925,0.4425,1.062235,0.092268
0.013925,0.4788,1.056559,0.092268
0.013925,0.5150,1.050444,0.092268
0.013925,0.5512,1.045372,0.092268
0.013925,0.5875,1.040566,0.092268
0.013925,0.6237,1.035451,0.092268
0.013925,0.6600,1.030029,0.092268
0.013925,0.6962,1.024298,0.092268
0.013925,0.7325,1.018245,0.092263
0.013925,0.7687,1.011927,0.092274
0.013925,0.8050,1.005275,0.092276
0.013925,0.8412,0.998277,0.092261
0.013925,0.8775,0.991043,0.092276
0.013925,0.9137,0.983457,0.092271
0.013925,0.9500,0.975568,0.092266
0.016870,0.0800,1.191711,0.092268
0.016870,0.1162,1.190263,0.092268
0.016870,0.1525,1.188281,0.092268
0.016870,0.1887,1.185764,0.092268
0.016870,0.2250,1.182715,0.092268
0.016870,0.2612,1.179132,0.092268
0.016870,0.2975,1.176119,0.092268
0.016870,0.3337,1.172923,0.092268
0.016870,0.3700,1.169359,0.092268
0.016870,0.4062,1.165425,0.092268
0.016870,0.4425,1.161122,0.092268
0.016870,0.4788,1.156449,0.092268
0.016870,0.5150,1.151405,0.092268
0.016870,0.5512,1.145990,0.092268
0.016870,0.5875,1.140205,0.092268
0.016870,0.6237,1.134048,0.092268
0.016870,0.6600,1.127519,0.092268
0.016870,0.6962,1.120619,0.092268
0.016870,0.7325,1.113348,0.092268
0.016870,0.7687,1.105706,0.092269
0.016870,0.8050,1.097662,0.092260
0.016870,0.8412,1.089337,0.092277
0.016870,0.8775,1.080573,0.092275
0.016870,0.9137,1.071433,0.092268
0.016870,0.9500,1.061943,0.092268
0.020439,0.0800,1.279628,0.092268
0.020439,0.1162,1.278447,0.092268
0.020439,0.1525,1.276830,0.092268
0.020439,0.1887,1.274775,0.092268
0.020439,0.2250,1.272283,0.092268
0.020439,0.2612,1.269354,0.092268
0.020439,0.2975,1.265986,0.092268
0.020439,0.3337,1.262178,0.092268
0.020439,0.3700,1.257931,0.092268
0.020439,0.4062,1.253243,0.092268
0.020439,0.4425,1.248114,0.092268
0.020439,0.4788,1.242544,0.092268
0.020439,0.5150,1.236530,0.092268
0.020439,0.5512,1.230074,0.092268
0.020439,0.5875,1.223174,0.092268
0.020439,0.6237,1.215829,0.092268
0.020439,0.6600,1.208041,0.092268
0.020439,0.6962,1.199807,0.092268
0.020439,0.7325,1.191130,0.092268
0.020439,0.7687,1.182007,0.092268
0.020439,0.8050,1.172441,0.092268
0.020439,0.8412,1.162431,0.092268
0.020439,0.8775,1.151979,0.092268
0.020439,0.9137,1.141084,0.092268
0.020439,0.9500,1.129750,0.092268
0.024762,0.0800,1.352301,0.092268
0.024762,0.1162,1.350907,0.092268
0.024762,0.1525,1.348996,0.092268
0.024762,0.1887,1.346569,0.092268
0.024762,0.2250,1.343625,0.092268
0.024762,0.2612,1.340163,0.092268
0.024762,0.2975,1.336182,0.092268
0.024762,0.3337,1.331682,0.092268
0.024762,0.3700,1.326660,0.092268
0.024762,0.4062,1.321117,0.092268
0.024762,0.4425,1.315050,0.092268
0.024762,0.4788,1.308460,0.092268
0.024762,0.5150,1.301343,0.092268
0.024762,0.5512,1.293701,0.092268
0.024762,0.5875,1.285531,0.092268
0.024762,0.6237,1.276833,0.092268
0.024762,0.6600,1.267607,0.092268
0.024762,0.6962,1.257851,0.092268
0.024762,0.7325,1.247566,0.092268
0.024762,0.7687,1.236751,0.092268
0.024762,0.8050,1.225406,0.092268
0.024762,0.8412,1.213533,0.092268
0.024762,0.8775,1.201132,0.092268
0.024762,0.9137,1.188203,0.092268
0.024762,0.9500,1.174749,0.092268
0.030000,0.0800,1.401746,0.092268
0.030000,0.1162,1.400110,0.092268
0.030000,0.1525,1.397868,0.092268
0.030000,0.1887,1.395020,0.092268
0.030000,0.2250,1.391564,0.092268
0.030000,0.2612,1.387499,0.092268
0.030000,0.2975,1.382825,0.092268
0.030000,0.3337,1.377538,0.092268
0.030000,0.3700,1.371639,0.092268
0.030000,0.4062,1.365124,0.092268
0.030000,0.4425,1.357992,0.092268
0.030000,0.4788,1.350241,0.092268
0.030000,0.5150,1.341869,0.092268
0.030000,0.5512,1.332875,0.092268
0.030000,0.5875,1.323257,0.092268
0.030000,0.6237,1.313014,0.092268
0.030000,0.6600,1.302144,0.092268
0.030000,0.6962,1.290647,0.092268
0.030000,0.7325,1.278520,0.092268
0.030000,0.7687,1.265765,0.092268
0.030000,0.8050,1.252381,0.092268
0.030000,0.8412,1.238367,0.092268
0.030000,0.8775,1.223725,0.092268
0.030000,0.9137,1.208456,0.092268
0.030000,0.9500,1.196683,0.092268
