freq_1m,wavelength_m,B_amp,B_psd,B_phase_rad
0,inf,1.27329e-10,1.08928e-21,0
6.90661e-06,144789,4924.43,1.62927e+06,-0.18878
1.38132e-05,72394.4,15939.4,1.70696e+07,0.969798
2.07198e-05,48262.9,35241.9,8.34451e+07,-1.92826
2.76264e-05,36197.2,42182.6,1.1955e+08,2.44218
3.4533e-05,28957.8,37513.9,9.45511e+07,2.3472
4.14397e-05,24131.5,30100.3,6.08731e+07,0.319335
4.83463e-05,20684.1,26754.8,4.80935e+07,-2.12755
5.52529e-05,18098.6,31956.3,6.86114e+07,-2.90574
6.21595e-05,16087.6,29840.6,5.98273e+07,-1.3607
6.90661e-05,14478.9,12128.5,9.88324e+06,2.02346
7.59727e-05,13162.6,23645.1,3.75633e+07,2.87582
8.28793e-05,12065.7,40171.4,1.08422e+08,-0.666259
8.97859e-05,11137.6,51935.1,1.81219e+08,-0.746095
9.66925e-05,10342.1,47424.5,1.51108e+08,1.16892
0.000103599,9652.59,34488.8,7.99169e+07,-1.27469
0.000110506,9049.3,23319.5,3.65361e+07,-1.43872
0.000117412,8516.99,13960.7,1.30948e+07,0.712848
0.000124319,8043.82,19472.6,2.5476e+07,-0.858538
0.000131226,7620.47,10275.1,7.09335e+06,1.13754
0.000138132,7239.44,10602.1,7.55202e+06,3.01718
0.000145039,6894.71,15915.6,1.70189e+07,-2.07914
0.000151945,6581.31,20961.1,2.95197e+07,-2.60254
0.000158852,6295.17,34560,8.02473e+07,2.66032
0.000165759,6032.87,33944.9,7.74163e+07,2.08383
0.000172665,5791.55,41718.4,1.16933e+08,-2.92217
0.000179572,5568.8,24900.3,4.16573e+07,-0.137956
0.000186478,5362.55,29509.6,5.85074e+07,-0.144757
0.000193385,5171.03,1873.77,235892,2.59574
0.000200292,4992.72,31120.4,6.5069e+07,-0.651215
0.000207198,4826.29,43314.9,1.26054e+08,-0.639436
0.000214105,4670.61,23365.8,3.66814e+07,-3.1131
0.000221012,4524.65,37348.4,9.37187e+07,1.0643
0.000227918,4387.54,3574.1,858254,1.91589
0.000234825,4258.5,24765,4.1206e+07,1.23742
0.000241731,4136.82,16760.3,1.88733e+07,-0.448677
0.000248638,4021.91,38021.5,9.71273e+07,0.0379608
0.000255545,3913.21,31455,6.64757e+07,2.98844
0.000262451,3810.23,32996.8,7.31522e+07,1.16316
0.000269358,3712.53,26700.5,4.78985e+07,0.35758
0.000276264,3619.72,10974.1,8.09142e+06,-2.76831
0.000283171,3531.44,8140.5,4.45231e+06,-0.401959
0.000290078,3447.35,46789.1,1.47086e+08,-1.12097
0.000296984,3367.18,7427.35,3.70639e+06,-2.46528
0.000303891,3290.66,14931.9,1.49799e+07,-0.279784
0.000310797,3217.53,4533.36,1.38078e+06,1.66612
0.000317704,3147.58,30065,6.07302e+07,0.0139206
0.000324611,3080.61,7838.8,4.1284e+06,0.292646
0.000331517,3016.43,27364.7,5.03113e+07,-0.332195
0.000338424,2954.87,22906.6,3.52538e+07,2.41725
0.00034533,2895.78,30705,6.33436e+07,1.41455
0.000352237,2839,8930.18,5.358e+06,-1.88977
0.000359144,2784.4,24323.2,3.97487e+07,1.24717
0.00036605,2731.86,25144.3,4.24777e+07,1.02818
0.000372957,2681.27,4673.07,1.46719e+06,2.992
0.000379864,2632.52,6036.22,2.44801e+06,0.782583
0.00038677,2585.52,8388.89,4.72816e+06,0.747286
0.000393677,2540.16,7322.34,3.60232e+06,-1.22095
0.000400583,2496.36,20988.7,2.95974e+07,-1.1535
0.00040749,2454.05,13542.6,1.23222e+07,-1.99241
0.000414397,2413.15,19412.3,2.53185e+07,-1.00275
0.000421303,2373.59,1794.07,216254,-0.015921
0.00042821,2335.3,17000.7,1.94185e+07,1.36121
0.000435116,2298.24,7250.1,3.5316e+06,-1.95973
0.000442023,2262.33,20678.6,2.87293e+07,-0.286434
0.00044893,2227.52,13830.6,1.28518e+07,-1.17966
0.000455836,2193.77,18333.5,2.25825e+07,0.547872
0.000462743,2161.03,7145.06,3.43e+06,2.47479
0.000469649,2129.25,4626.59,1.43815e+06,-1.29648
0.000476556,2098.39,8914.86,5.33964e+06,0.00106376
0.000483463,2068.41,22122.5,3.28814e+07,-0.141987
0.000490369,2039.28,13445.2,1.21456e+07,2.6952
0.000497276,2010.96,1578.59,167426,2.98499
0.000504183,1983.41,10135.6,6.90206e+06,-0.89174
0.000511089,1956.61,3008.93,608284,1.09692
0.000517996,1930.52,1250.46,105056,-2.14909
0.000524902,1905.12,9227.55,5.72079e+06,-0.240671
0.000531809,1880.37,3543.08,843422,1.91218
0.000538716,1856.27,14933.2,1.49826e+07,1.05317
0.000545622,1832.77,11985.3,9.65114e+06,-0.435002
0.000552529,1809.86,7909.57,4.20328e+06,2.21394
0.000559435,1787.52,2856.96,548391,0.756029
0.000566342,1765.72,20901.2,2.93512e+07,-0.648689
0.000573249,1744.44,11942.1,9.58171e+06,1.27755
0.000580155,1723.68,16558.2,1.84208e+07,0.890515
0.000587062,1703.4,22221.1,3.31753e+07,-1.86538
0.000593968,1683.59,3402.31,777734,-0.245064
0.000600875,1664.24,2166.24,315279,-0.150121
0.000607782,1645.33,12883.3,1.11516e+07,-1.9578
0.000614688,1626.84,15868.4,1.6918e+07,-2.77888
0.000621595,1608.76,10784.4,7.81405e+06,1.13253
0.000628501,1591.09,18974.1,2.41884e+07,-1.51161
0.000635408,1573.79,1995.66,267583,0.553495
0.000642315,1556.87,18770,2.36708e+07,0.237672
0.000649221,1540.31,15526.6,1.6197e+07,-0.0835381
0.000656128,1524.09,9680.45,6.29614e+06,0.730956
0.000663035,1508.22,14073.4,1.3307e+07,0.109432
0.000669941,1492.67,4522.96,1.37445e+06,-2.64736
0.000676848,1477.44,7998.19,4.298e+06,1.70646
0.000683754,1462.51,16414.2,1.81019e+07,1.24065
0.000690661,1447.89,7530.88,3.81044e+06,1.6042
0.000697568,1433.55,8852.48,5.26517e+06,1.82156
0.000704474,1419.5,5565.54,2.08112e+06,-0.402258
0.000711381,1405.72,13466.4,1.21839e+07,-2.01486
0.000718287,1392.2,15632.3,1.64184e+07,2.59802
0.000725194,1378.94,2300.32,355515,-3.12532
0.000732101,1365.93,8438.08,4.78377e+06,1.97925
0.000739007,1353.17,4212.46,1.19221e+06,0.496939
0.000745914,1340.64,17924.1,2.15853e+07,-0.191353
0.00075282,1328.34,17861.8,2.14356e+07,-1.14359
0.000759727,1316.26,11641.1,9.10483e+06,2.22735
0.000766634,1304.4,6444.78,2.79061e+06,1.79372
0.00077354,1292.76,12916.2,1.12087e+07,1.50029
0.000780447,1281.32,6688.54,3.0057e+06,1.13848
0.000787354,1270.08,9469.19,6.02433e+06,-0.931853
0.00079426,1259.03,10229.8,7.03104e+06,-1.83887
0.000801167,1248.18,17817.3,2.13288e+07,2.72159
0.000808073,1237.51,16822.5,1.90136e+07,-3.04036
0.00081498,1227.02,1459.48,143112,2.65287
0.000821887,1216.71,14064.8,1.32908e+07,1.41424
0.000828793,1206.57,1184.81,94314.5,0.466424
0.0008357,1196.6,17912.6,2.15575e+07,-1.55481
0.000842606,1186.79,5417.46,1.97185e+06,0.469015
0.000849513,1177.15,10013.6,6.73694e+06,2.35601
0.00085642,1167.65,4574.26,1.4058e+06,-3.04846
0.000863326,1158.31,14731.5,1.45807e+07,0.2345
0.000870233,1149.12,10033.4,6.76358e+06,0.583834
0.000877139,1140.07,13936.1,1.30487e+07,-1.87787
0.000884046,1131.16,3627.31,884002,-2.827
0.000890953,1122.39,10747.7,7.76091e+06,2.06721
0.000897859,1113.76,12474.4,1.0455e+07,2.89242
0.000904766,1105.26,13109.6,1.15469e+07,-0.257436
0.000911672,1096.89,13576.4,1.23837e+07,0.531567
0.000918579,1088.64,8964.3,5.39903e+06,-2.91301
0.000925486,1080.51,9274.93,5.77969e+06,-2.72288
0.000932392,1072.51,3721.16,930337,0.221411
0.000939299,1064.62,14238.1,1.36204e+07,1.78979
0.000946206,1056.85,1466.84,144561,-2.83723
0.000953112,1049.19,12026.5,9.71763e+06,-0.087007
0.000960019,1041.65,3291.28,727802,-1.9073
0.000966925,1034.21,5361.21,1.93111e+06,-2.64077
0.000973832,1026.87,3924.73,1.03491e+06,-1.9157
0.000980739,1019.64,8981.59,5.41988e+06,1.52886
0.000987645,1012.51,6121.54,2.5177e+06,1.94712
0.000994552,1005.48,6273.02,2.64385e+06,-0.0102405
0.00100146,998.544,117.718,931.035,-2.15028
0.00100837,991.704,7661.44,3.9437e+06,2.31532
0.00101527,984.958,1689.85,191858,-1.94336
0.00102218,978.303,9394.63,5.92983e+06,1.26856
0.00102908,971.737,5731.85,2.20736e+06,1.7777
0.00103599,965.259,4233.47,1.20414e+06,-2.93888
0.0010429,958.866,2764.12,513331,-1.03826
0.0010498,952.558,8761.24,5.15721e+06,1.24621
0.00105671,946.332,2997.23,603563,-0.984301
0.00106362,940.187,6835.51,3.13924e+06,-1.0989
0.00107052,934.122,1813.75,221022,1.43443
0.00107743,928.134,1262.44,107080,-2.77278
0.00108434,922.222,4579.87,1.40925e+06,2.79723
0.00109124,916.385,12110.3,9.85353e+06,1.69156
0.00109815,910.622,10490.2,7.39351e+06,1.30075
0.00110506,904.93,9474.67,6.0313e+06,0.0618206
0.00111196,899.31,4928.01,1.63165e+06,-0.319961
0.00111887,893.758,5796.91,2.25775e+06,3.02016
0.00112578,888.275,7097.83,3.38481e+06,-2.35917
0.00113268,882.859,7353.68,3.63322e+06,1.5952
0.00113959,877.508,6761.25,3.0714e+06,0.812974
0.0011465,872.222,8795,5.19702e+06,-0.911689
0.0011534,866.999,5193.85,1.81243e+06,-1.30562
0.00116031,861.838,3829.89,985497,2.57478
0.00116722,856.739,6791.53,3.09897e+06,3.06505
0.00117412,851.699,7852.01,4.14233e+06,1.08236
0.00118103,846.718,17847.3,2.14008e+07,1.27279
0.00118794,841.796,4567.82,1.40185e+06,0.451086
0.00119484,836.93,7332.7,3.61252e+06,-0.962295
0.00120175,832.12,3857.77,999896,0.882503
0.00120866,827.365,13081.9,1.14981e+07,2.73748
0.00121556,822.664,9806.25,6.46084e+06,2.55038
0.00122247,818.016,10340.4,7.18383e+06,0.798295
0.00122938,813.42,9898.58,6.58308e+06,-0.479785
0.00123628,808.876,7805.63,4.09354e+06,-2.38187
0.00124319,804.382,4139.79,1.15144e+06,-2.60738
0.0012501,799.938,5546.05,2.06657e+06,-2.98205
0.001257,795.543,6870.62,3.17158e+06,2.10821
0.00126391,791.196,13646.3,1.25117e+07,0.841375
0.00127082,786.896,8884.04,5.30278e+06,0.100384
0.00127772,782.642,4089.5,1.12363e+06,2.2143
0.00128463,778.435,6070.76,2.4761e+06,1.0066
0.00129154,774.272,1532.32,157754,1.6506
0.00129844,770.153,9550.38,6.12808e+06,1.77381
0.00130535,766.079,9065.62,5.52177e+06,1.39617
0.00131226,762.047,7434.62,3.71365e+06,-1.0744
0.00131916,758.057,3948.7,1.04759e+06,-1.96001
0.00132607,754.109,1692.93,192558,2.94929
0.00133298,750.201,13555.6,1.23458e+07,-2.48585
0.00133988,746.334,3844.4,992978,2.89612
0.00134679,742.507,8598.91,4.96787e+06,1.28182
0.0013537,738.719,884.684,52584.7,1.74059
0.0013606,734.969,3224.75,698673,2.20746
0.00136751,731.257,15416.7,1.59686e+07,0.628494
0.00137442,727.582,1589.68,169787,0.487432
0.00138132,723.944,5003.5,1.68202e+06,-0.346217
0.00138823,720.342,10724.2,7.72701e+06,0.895269
0.00139514,716.776,2530.45,430206,-2.46079
0.00140204,713.246,7069.1,3.35746e+06,-3.12529
0.00140895,709.749,9086.08,5.54672e+06,0.447638
0.00141585,706.287,3272.97,719725,3.13048
0.00142276,702.858,10363.4,7.21581e+06,3.00255
0.00142967,699.463,1607.99,173720,-0.0332678
0.00143657,696.1,5508.66,2.0388e+06,-3.01057
0.00144348,692.77,9837.15,6.50162e+06,2.37222
0.00145039,689.471,6094.9,2.49584e+06,0.786419
0.00145729,686.203,2583.74,448518,0.743107
0.0014642,682.966,6432.24,2.77976e+06,0.428269
0.00147111,679.76,10261.5,7.07467e+06,-0.0430783
0.00147801,676.583,2734.21,502283,-0.565163
0.00148492,673.436,5519.98,2.04719e+06,2.01947
0.00149183,670.319,9890.26,6.57201e+06,0.500752
0.00149873,667.23,3482.74,814939,-0.718508
0.00150564,664.169,3867.05,1.00472e+06,1.31597
0.00151255,661.136,2625.53,463146,2.78977
0.00151945,658.131,10045.7,6.78017e+06,-2.93669
0.00152636,655.153,10767.6,7.78973e+06,2.9379
0.00153327,652.202,6330.44,2.69247e+06,1.54385
0.00154017,649.277,8935.63,5.36455e+06,2.4754
0.00154708,646.379,4383.43,1.29096e+06,2.1464
0.00155399,643.506,3478.88,813133,-0.052278
0.00156089,640.659,5589.71,2.09924e+06,-0.843576
0.0015678,637.836,3371.59,763751,0.101284
0.00157471,635.039,9288.07,5.79607e+06,0.0269
0.00158161,632.266,3133.49,659689,-1.6225
0.00158852,629.517,6978.44,3.2719e+06,-0.252706
0.00159543,626.792,8207.43,4.52583e+06,0.504423
0.00160233,624.09,7194.89,3.47801e+06,2.4999
0.00160924,621.411,5394.62,1.95526e+06,2.7411
0.00161615,618.756,3031.66,617510,1.73997
0.00162305,616.123,12545.2,1.0574e+07,2.48647
0.00162996,613.512,11491.9,8.87297e+06,2.3799
0.00163687,610.923,6693.25,3.00994e+06,2.04783
0.00164377,608.356,6597.58,2.9245e+06,1.8424
0.00165068,605.811,6690.85,3.00778e+06,-1.43322
0.00165759,603.287,7756.99,4.04268e+06,-0.429698
0.00166449,600.784,3872.76,1.00768e+06,-2.80432
0.0016714,598.301,7804.83,4.0927e+06,-2.14856
0.00167831,595.839,10532.7,7.45359e+06,-0.504513
0.00168521,593.397,10393.4,7.25772e+06,0.568537
0.00169212,590.975,6295.89,2.66316e+06,-2.16034
0.00169903,588.573,5948.32,2.37723e+06,-0.834474
0.00170593,586.19,4459.48,1.33614e+06,1.76794
0.00171284,583.826,14319.4,1.37763e+07,2.41557
0.00171975,581.481,6784.17,3.09227e+06,1.92594
0.00172665,579.155,12086.8,9.81539e+06,1.2367
0.00173356,576.848,8930.9,5.35887e+06,2.35184
0.00174047,574.559,1113.94,83368.7,-2.22922
0.00174737,572.288,725.862,35399,-2.70888
0.00175428,570.035,9097.65,5.56086e+06,2.31517
0.00176119,567.799,1934.3,251379,-1.64175
0.00176809,565.581,12745.9,1.09151e+07,-0.410896
0.001775,563.381,5730.66,2.20644e+06,-1.71213
0.00178191,561.197,8640.25,5.01574e+06,-1.72398
0.00178881,559.03,8107.59,4.41638e+06,-1.64508
0.00179572,556.88,5211.19,1.82456e+06,2.34286
0.00180263,554.747,4699.5,1.48384e+06,1.25079
0.00180953,552.629,6303.29,2.66942e+06,0.708657
0.00181644,550.528,4636.99,1.44462e+06,2.49619
0.00182334,548.443,7854.29,4.14473e+06,1.59199
0.00183025,546.373,5967.83,2.39285e+06,0.97593
0.00183716,544.319,14026.1,1.32177e+07,1.91704
0.00184406,542.28,8712.64,5.10015e+06,1.35719
0.00185097,540.257,4217.25,1.19493e+06,-0.961201
0.00185788,538.248,8540.26,4.90033e+06,-2.17683
0.00186478,536.255,707.111,33593.8,-3.04344
0.00187169,534.276,7803.91,4.09174e+06,-2.46218
0.0018786,532.312,10303,7.13205e+06,3.04435
0.0018855,530.362,10213.3,7.00828e+06,-0.90137
0.00189241,528.426,9484.12,6.04334e+06,-0.986829
0.00189932,526.505,10460.3,7.35148e+06,-2.99875
0.00190622,524.597,2459.87,406545,2.86654
0.00191313,522.703,4601.38,1.42252e+06,0.49745
0.00192004,520.823,17583.1,2.07719e+07,1.47365
0.00192694,518.956,13418.4,1.20972e+07,0.529112
0.00193385,517.103,7350.29,3.62988e+06,0.266112
0.00194076,515.263,7368.95,3.64833e+06,2.56766
0.00194766,513.436,3912,1.02821e+06,2.11514
0.00195457,511.621,2408.04,389592,1.74852
0.00196148,509.82,14370.3,1.38744e+07,2.03807
0.00196838,508.031,7705.11,3.98879e+06,-1.72169
0.00197529,506.255,17806.1,2.13021e+07,-1.56625
0.0019822,504.491,9649.92,6.25648e+06,-2.64057
0.0019891,502.739,8839.67,5.24995e+06,-3.139
0.00199601,500.999,5128.76,1.76729e+06,-2.72372
0.00200292,499.272,11958.5,9.60812e+06,1.66795
0.00200982,497.556,13265,1.18222e+07,-0.200506
0.00201673,495.852,9195.92,5.68163e+06,-0.579329
0.00202364,494.16,10068.5,6.81103e+06,1.46008
0.00203054,492.479,6001.67,2.42006e+06,1.93834
0.00203745,490.81,2377.01,379618,-1.09751
0.00204436,489.151,18242.3,2.23585e+07,1.19912
0.00205126,487.505,6082.73,2.48588e+06,0.421212
0.00205817,485.869,9132.55,5.6036e+06,-2.41274
0.00206508,484.244,5450.21,1.99576e+06,-2.77059
0.00207198,482.629,9490.4,6.05135e+06,-2.92865
0.00207889,481.026,11092.6,8.26701e+06,-2.83185
0.0020858,479.433,8872.65,5.2892e+06,1.97516
0.0020927,477.851,4736.59,1.50735e+06,-1.59015
0.00209961,476.279,6901.82,3.20044e+06,-2.16878
0.00210652,474.718,4382.9,1.29064e+06,-0.127145
0.00211342,473.166,2794.82,524796,1.45782
0.00212033,471.625,2574.64,445364,2.06969
0.00212724,470.094,9428.65,5.97285e+06,0.680768
0.00213414,468.572,12776.8,1.0968e+07,-0.224488
0.00214105,467.061,3582.38,862236,1.64022
0.00214796,465.559,5524.8,2.05077e+06,1.74488
0.00215486,464.067,3500.98,823496,-2.67146
0.00216177,462.584,4019.94,1.08573e+06,-2.99719
0.00216868,461.111,9940.5,6.63895e+06,1.86993
0.00217558,459.647,6965.41,3.25969e+06,-2.2536
0.00218249,458.193,10979.4,8.09921e+06,3.03968
0.0021894,456.747,4820.4,1.56116e+06,2.57905
0.0021963,455.311,9413.45,5.95362e+06,-2.6172
0.00220321,453.884,736.186,36413.1,-0.717009
0.00221012,452.465,9587.82,6.17621e+06,0.943684
0.00221702,451.056,9963.65,6.66991e+06,-1.48577
0.00222393,449.655,2641.02,468627,-1.45495
0.00223083,448.263,12203.9,1.00065e+07,0.261748
0.00223774,446.879,5117.38,1.75946e+06,2.73109
0.00224465,445.504,5282.55,1.87487e+06,-0.491659
0.00225155,444.138,12381.9,1.03005e+07,0.399409
0.00225846,442.779,7960.26,4.25733e+06,3.10646
0.00226537,441.429,12473.5,1.04534e+07,3.06784
0.00227227,440.088,5435.05,1.98468e+06,0.711508
0.00227918,438.754,12908.5,1.11952e+07,2.40176
0.00228609,437.429,7172.76,3.45665e+06,2.74158
0.00229299,436.111,2864.81,551412,-0.720668
0.0022999,434.801,4327.91,1.25846e+06,-3.01425
0.00230681,433.5,11901.8,9.51725e+06,-2.89566
0.00231371,432.205,10665,7.64197e+06,-0.555455
0.00232062,430.919,4960.43,1.65319e+06,1.9427
0.00232753,429.64,837.125,47083,-2.64514
0.00233443,428.369,13402.4,1.20684e+07,-0.749534
0.00234134,427.106,6175.5,2.56229e+06,-0.603086
0.00234825,425.85,10780.3,7.80803e+06,2.47256
0.00235515,424.601,4727.28,1.50143e+06,-0.61035
0.00236206,423.359,6474.53,2.81643e+06,2.07984
0.00236897,422.125,9150.7,5.6259e+06,1.43756
0.00237587,420.898,1393.43,130452,-1.90613
0.00238278,419.678,3824.45,982702,2.90889
0.00238969,418.465,12099.4,9.83575e+06,2.56302
0.00239659,417.259,5242.7,1.84669e+06,-2.03689
0.0024035,416.06,6858.6,3.16049e+06,2.40669
0.00241041,414.868,7082.8,3.37049e+06,1.03878
0.00241731,413.682,8432.47,4.77741e+06,-1.92473
0.00242422,412.504,10102,6.85647e+06,-1.18101
0.00243113,411.332,4165.01,1.16551e+06,-0.345988
0.00243803,410.167,4816.94,1.55893e+06,-1.35621
0.00244494,409.008,6841.34,3.1446e+06,2.64387
0.00245185,407.856,6691.21,3.0081e+06,0.232209
0.00245875,406.71,1379.44,127846,-2.1553
0.00246566,405.571,2036.06,278526,0.776361
0.00247257,404.438,3800.82,970595,1.7451
0.00247947,403.312,6126.21,2.52154e+06,2.79969
0.00248638,402.191,9746.29,6.38208e+06,2.86045
0.00249329,401.077,5553.74,2.0723e+06,0.133235
0.00250019,399.969,5422,1.97516e+06,2.33774
0.0025071,398.867,5145.98,1.77918e+06,2.22597
0.00251401,397.772,8237.88,4.55946e+06,-2.05096
0.00252091,396.682,7397.19,3.67634e+06,-1.18064
0.00252782,395.598,8511.89,4.86782e+06,2.70423
0.00253473,394.52,2028.93,276578,-1.29713
0.00254163,393.448,4701.15,1.48488e+06,-2.28579
0.00254854,392.382,4905.97,1.61709e+06,0.806798
0.00255545,391.321,4339.08,1.26496e+06,-1.3478
0.00256235,390.266,5192.27,1.81133e+06,-0.628796
0.00256926,389.217,10077.1,6.82266e+06,1.92331
0.00257617,388.174,2129.01,304536,-2.56268
0.00258307,387.136,5671.5,2.16112e+06,-2.34852
0.00258998,386.104,14873.1,1.48624e+07,0.989197
0.00259689,385.077,7486.02,3.76518e+06,2.37329
0.00260379,384.055,6422.55,2.77139e+06,-2.1207
0.0026107,383.039,1544.83,160341,2.03134
0.00261761,382.029,315.869,6703.44,0.873831
0.00262451,381.023,11326.1,8.61869e+06,-2.97402
0.00263142,380.023,6443.86,2.78982e+06,0.3954
0.00263832,379.028,5047.72,1.71188e+06,-2.63257
0.00264523,378.039,7294.02,3.57452e+06,-2.08515
0.00265214,377.054,3697.05,918317,-1.3149
0.00265904,376.075,5055.26,1.717e+06,0.583272
0.00266595,375.101,7566.81,3.84688e+06,2.95465
0.00267286,374.131,6965.25,3.25954e+06,-0.0414776
0.00267976,373.167,2488.3,415995,0.289875
0.00268667,372.208,4673.05,1.46718e+06,2.0366
0.00269358,371.253,3102.16,646565,-2.93133
0.00270048,370.304,3041.32,621451,0.342824
0.00270739,369.359,9021.41,5.46804e+06,2.86101
0.0027143,368.419,5093.73,1.74323e+06,1.35809
0.0027212,367.484,6631.9,2.95501e+06,-2.1329
0.00272811,366.554,2645.4,470181,2.76037
0.00273502,365.628,4443.84,1.32678e+06,-2.96933
0.00274192,364.707,1820.87,222763,-0.806828
0.00274883,363.791,4877.15,1.59814e+06,3.13199
0.00275574,362.879,5463.87,2.00578e+06,-0.016621
0.00276264,361.972,7209.28,3.49194e+06,-1.99351
0.00276955,361.069,1880.97,237709,0.874733
0.00277646,360.171,1034.81,71945.3,2.44529
0.00278336,359.278,2162.66,314240,1.35662
0.00279027,358.388,3905.45,1.02477e+06,2.77088
0.00279718,357.503,5987.34,2.40852e+06,0.538
0.00280408,356.623,6504.98,2.84298e+06,-2.93816
0.00281099,355.747,3551.33,847355,1.85473
0.0028179,354.875,2662.84,476400,-2.78837
0.0028248,354.007,4977.23,1.6644e+06,1.43723
0.00283171,353.144,4740.58,1.50989e+06,2.81294
0.00283862,352.284,4532.06,1.37998e+06,-0.238204
0.00284552,351.429,6807.78,3.11383e+06,-2.15748
0.00285243,350.578,1062.18,75801.5,2.25585
0.00285934,349.731,1753.4,206558,-3.08295
0.00286624,348.889,4698.83,1.48341e+06,1.21878
0.00287315,348.05,2975.4,594804,-2.69574
0.00288006,347.215,6637.75,2.96022e+06,-0.338433
0.00288696,346.385,3517.47,831273,-1.81983
0.00289387,345.558,7820.82,4.10949e+06,1.98808
0.00290078,344.735,5736.51,2.21095e+06,-2.80778
0.00290768,343.916,3994.41,1.07198e+06,0.639846
0.00291459,343.102,3785.21,962637,1.40473
0.0029215,342.29,3910.09,1.0272e+06,0.311425
0.0029284,341.483,5800.23,2.26034e+06,-2.46076
0.00293531,340.68,4427.77,1.3172e+06,1.85586
0.00294222,339.88,6346.29,2.70597e+06,-2.46677
0.00294912,339.084,1640.07,180722,0.820521
0.00295603,338.292,1755.47,207048,1.33837
0.00296294,337.503,2432.19,397445,-1.52724
0.00296984,336.718,8591.36,4.95914e+06,-1.90682
0.00297675,335.937,4111.78,1.13591e+06,0.721503
0.00298366,335.159,5393.96,1.95479e+06,2.66018
0.00299056,334.385,3902.19,1.02306e+06,2.18942
0.00299747,333.615,4679.1,1.47098e+06,-1.09797
0.00300438,332.848,4624.89,1.43709e+06,0.987407
0.00301128,332.084,5496.26,2.02964e+06,-2.96841
0.00301819,331.325,3093.61,643004,1.08579
0.0030251,330.568,1298.37,113260,2.80514
0.003032,329.815,2906.74,567667,1.55621
0.00303891,329.066,5422.16,1.97528e+06,-1.38805
0.00304581,328.319,4808.55,1.5535e+06,0.598759
0.00305272,327.577,7454.25,3.73329e+06,-3.02145
0.00305963,326.837,2051.82,282855,-2.09823
0.00306653,326.101,4129.91,1.14595e+06,-0.6854
0.00307344,325.368,7091.64,3.3789e+06,1.37687
0.00308035,324.639,5676.27,2.16475e+06,-2.26947
0.00308725,323.912,2981.65,597305,-0.711876
0.00309416,323.189,5613.15,2.11688e+06,2.39109
0.00310107,322.47,6857.7,3.15966e+06,2.05344
0.00310797,321.753,3201.03,688433,-1.34059
0.00311488,321.04,8011.8,4.31264e+06,0.69636
0.00312179,320.329,4920.35,1.62658e+06,-2.23381
0.00312869,319.622,4475.37,1.34568e+06,-1.92981
0.0031356,318.918,1727.18,200427,-1.87415
0.00314251,318.217,4496.61,1.35848e+06,2.03107
0.00314941,317.519,5037.58,1.70501e+06,-1.89415
0.00315632,316.825,7238.3,3.5201e+06,-0.0768437
0.00316323,316.133,2066.65,286956,-1.90451
0.00317013,315.444,5326.56,1.90624e+06,-3.01474
0.00317704,314.758,4582.07,1.41061e+06,-1.90113
0.00318395,314.076,7038.51,3.32847e+06,1.66168
0.00319085,313.396,6897.33,3.19628e+06,2.25459
0.00319776,312.719,3259.07,713628,0.986705
0.00320467,312.045,3260.17,714107,-1.0178
0.00321157,311.374,2548.46,436353,1.97028
0.00321848,310.706,4890.33,1.60679e+06,-2.20483
0.00322539,310.04,2657.77,474589,1.27837
0.00323229,309.378,2853.24,546965,-2.86398
0.0032392,308.718,844.054,47865.6,-1.20299
0.00324611,308.061,5667.79,2.15829e+06,-1.22552
0.00325301,307.407,694.39,32395.9,0.831087
0.00325992,306.756,6644.64,2.96637e+06,-2.66466
0.00326683,306.107,1982.53,264071,-2.2933
0.00327373,305.462,2475.81,411829,1.32602
0.00328064,304.819,8569.45,4.93388e+06,1.52028
0.00328755,304.178,688.796,31876,-2.11671
0.00329445,303.541,2249.79,340069,1.09767
0.00330136,302.906,1727.63,200532,-0.468908
0.00330827,302.273,1129.91,85776.3,-3.11553
0.00331517,301.643,1897.97,242025,2.94401
0.00332208,301.016,3642.99,891657,1.68638
0.00332899,300.392,6559.23,2.8906e+06,-1.8487
0.00333589,299.77,3351.99,754899,-0.476419
0.0033428,299.15,1795.83,216677,-2.077
0.00334971,298.534,4791.79,1.54269e+06,-2.92817
0.00335661,297.919,5705.71,2.18727e+06,-1.88066
0.00336352,297.308,3688,913829,1.06363
0.00337043,296.698,1581.2,167979,2.1642
0.00337733,296.092,3060.89,629476,0.545924
0.00338424,295.487,2555.55,438783,-0.0143384
0.00339115,294.886,1632.08,178963,2.122
0.00339805,294.286,1339.51,120551,-2.2028
0.00340496,293.689,6315.05,2.67939e+06,1.03409
0.00341187,293.095,2575.57,445687,2.87606
0.00341877,292.503,1675.27,188561,-2.11786
0.00342568,291.913,4675.81,1.46892e+06,-0.603704
0.00343258,291.326,1975.02,262076,3.12577
0.00343949,290.741,7573.41,3.85359e+06,-2.61458
0.0034464,290.158,1586.63,169134,-2.65024
0.0034533,289.578,2554.19,438319,-2.89923
0.00346021,289,3247.7,708656,1.9614
0.00346712,288.424,2648.07,471131,-0.387835
0.00347402,287.851,1014.62,69164.9,-3.02411
0.00348093,287.279,1185.66,94449.8,-1.94986
0.00348784,286.711,4107.83,1.13372e+06,-0.241511
0.00349474,286.144,2476.74,412140,0.955404
0.00350165,285.58,5061.97,1.72156e+06,1.48241
0.00350856,285.017,4679.65,1.47133e+06,-0.883258
0.00351546,284.457,485.054,15807.5,3.00477
0.00352237,283.9,1879.34,237298,-2.33356
0.00352928,283.344,2147.74,309919,3.08838
0.00353618,282.791,4027.73,1.08994e+06,-2.93736
0.00354309,282.239,4251.33,1.21432e+06,2.60802
0.00355,281.69,2089.03,293205,-1.72528
0.0035569,281.143,2897,563869,2.55818
0.00356381,280.599,2931.79,577494,-2.71976
0.00357072,280.056,3104.5,647542,-0.320761
0.00357762,279.515,1040.67,72762.8,-1.57174
0.00358453,278.977,2791.35,523495,1.32673
0.00359144,278.44,4482.82,1.35016e+06,-0.882657
0.00359834,277.906,1913.88,246101,-0.0687821
0.00360525,277.373,2211.79,328678,0.260432
0.00361216,276.843,1823.35,223369,0.202893
0.00361906,276.315,2182.64,320072,3.03083
0.00362597,275.788,2405.3,388705,2.27117
0.00363288,275.264,4105.92,1.13267e+06,-2.40677
0.00363978,274.742,4066.66,1.11112e+06,2.67512
0.00364669,274.221,3223.03,697931,2.19901
0.0036536,273.703,1902.65,243220,-2.4089
0.0036605,273.186,2751.54,508667,-2.58384
0.00366741,272.672,2154.91,311989,0.480318
0.00367432,272.159,2473.43,411037,-1.24627
0.00368122,271.649,1021.79,70147.1,-2.43081
0.00368813,271.14,3278.79,722287,-0.608493
0.00369504,270.633,2900.7,565311,-0.120895
0.00370194,270.128,1077.04,77937.4,-0.0911261
0.00370885,269.625,719.405,34772,-1.05281
0.00371576,269.124,3016.23,611242,-1.19356
0.00372266,268.625,2922.64,573895,2.01784
0.00372957,268.127,3028.3,616141,2.21853
0.00373648,267.632,1755.83,207132,0.864209
0.00374338,267.138,2620.6,461407,2.5847
0.00375029,266.646,3197.19,686785,-3.10053
0.0037572,266.156,1694.98,193025,-1.40015
0.0037641,265.668,4889.88,1.6065e+06,1.60997
0.00377101,265.181,2290.09,352362,3.04891
0.00377792,264.696,5799.38,2.25968e+06,-1.67793
0.00378482,264.213,2836.13,540425,-0.626556
0.00379173,263.732,2053.17,283227,1.50735
0.00379864,263.252,4276.32,1.22863e+06,-2.01289
0.00380554,262.775,1461.4,143489,0.311868
0.00381245,262.299,1564.28,164404,0.321537
0.00381936,261.824,1420.05,135485,-1.38525
0.00382626,261.352,1464.96,144190,-0.0358966
0.00383317,260.881,3866.92,1.00464e+06,1.99409
0.00384007,260.412,5026.34,1.69741e+06,3.09921
0.00384698,259.944,2751.19,508538,1.12876
0.00385389,259.478,3623.08,881940,1.05791
0.00386079,259.014,1106.77,82299.4,-2.73835
0.0038677,258.552,4251.31,1.21431e+06,-2.21373
0.00387461,258.091,2134.47,306100,-2.18386
0.00388151,257.631,2589.81,450629,3.05837
0.00388842,257.174,730.742,35876.6,1.07921
0.00389533,256.718,2713.31,494632,-1.3217
0.00390223,256.263,5199.58,1.81643e+06,-1.49703
0.00390914,255.811,2961.56,589284,-1.26584
0.00391605,255.36,1978.37,262965,1.65168
0.00392295,254.91,1670.75,187546,2.45967
0.00392986,254.462,3500,823037,1.12232
0.00393677,254.016,5057.8,1.71872e+06,0.778997
0.00394367,253.571,2268.01,345601,0.803455
0.00395058,253.127,767.756,39603.2,-2.26677
0.00395749,252.686,4375.05,1.28603e+06,2.90778
0.00396439,252.245,4615.5,1.43127e+06,2.96671
0.0039713,251.807,3796.36,968317,0.979064
0.00397821,251.37,608.169,24850.3,2.46844
0.00398511,250.934,3671.2,905521,-2.05083
0.00399202,250.5,5453.23,1.99797e+06,-1.6568
0.00399893,250.067,2471.86,410516,-3.02748
0.00400583,249.636,3888.04,1.01565e+06,2.78233
0.00401274,249.206,2219.21,330887,0.379049
0.00401965,248.778,2810.37,530654,0.22222
0.00402655,248.351,2796.47,525415,0.535327
0.00403346,247.926,4848.31,1.5793e+06,-0.813517
0.00404037,247.502,161.786,1758.58,1.53644
0.00404727,247.08,4587.13,1.41373e+06,2.69505
0.00405418,246.659,1944,253908,0.50802
0.00406109,246.24,3308.75,735550,1.02283
0.00406799,245.821,2663.08,476487,1.43759
0.0040749,245.405,6054.09,2.46253e+06,-2.06097
0.00408181,244.99,2844.81,543737,-2.13057
0.00408871,244.576,4558.51,1.39614e+06,2.73439
0.00409562,244.163,540.828,19651.8,-2.75968
0.00410253,243.752,1298.29,113247,-0.378275
0.00410943,243.343,2544.54,435013,0.814207
0.00411634,242.934,3893.53,1.01852e+06,-1.20238
0.00412325,242.527,3001.57,605314,-0.639963
0.00413015,242.122,1734.09,202035,1.35794
0.00413706,241.718,640.194,27536.3,2.76098
0.00414397,241.315,1838.35,227058,-1.69328
0.00415087,240.913,5493.72,2.02775e+06,0.852356
0.00415778,240.513,905.291,55062.9,2.8372
0.00416469,240.114,2177.75,318640,-2.73089
0.00417159,239.717,596.607,23914.4,-1.6219
0.0041785,239.32,1339.57,120563,1.59905
0.00418541,238.925,4769.17,1.52816e+06,3.13135
0.00419231,238.532,1094.81,80530.1,1.15701
0.00419922,238.14,1960.11,258134,-2.57464
0.00420613,237.749,1061.84,75753.8,-3.00591
0.00421303,237.359,2627.96,464003,-1.25292
0.00421994,236.97,3527.85,836188,-0.570803
0.00422685,236.583,764.615,39279.7,2.23831
0.00423375,236.197,1684.22,190581,-0.780224
0.00424066,235.812,1973.22,261599,-0.873362
0.00424756,235.429,4532.78,1.38042e+06,1.06691
0.00425447,235.047,1267.56,107949,-2.87372
0.00426138,234.666,3402.05,777616,-1.5041
0.00426828,234.286,1056.88,75046.7,3.06985
0.00427519,233.908,4748.83,1.51515e+06,2.35873
0.0042821,233.53,3607.71,874474,-2.57627
0.004289,233.154,3295.59,729707,1.3055
0.00429591,232.779,2399.73,386909,2.266
0.00430282,232.406,2531.89,430699,-1.73011
0.00430972,232.033,3733.6,936567,-1.17829
0.00431663,231.662,1721,198997,1.48764
0.00432354,231.292,5375.1,1.94113e+06,-2.70944
0.00433044,230.923,3064.63,631013,0.0179463
0.00433735,230.555,4844.04,1.57651e+06,0.112978
0.00434426,230.189,829.931,46277.2,-2.2119
0.00435116,229.824,4735.76,1.50683e+06,-1.65402
0.00435807,229.459,1518.09,154838,0.598068
0.00436498,229.096,5548.83,2.06865e+06,2.84779
0.00437188,228.734,2879.81,557201,2.18107
0.00437879,228.374,2070.5,288026,0.290494
0.0043857,228.014,2960.19,588739,1.72817
0.0043926,227.655,2514.38,424760,-2.58453
0.00439951,227.298,1447,140676,-1.01885
0.00440642,226.942,2428.02,396083,2.85446
0.00441332,226.587,1126.98,85332.4,1.42869
0.00442023,226.233,3347.88,753047,-0.446911
0.00442714,225.88,3142.3,663405,-0.0357691
0.00443404,225.528,3624.36,882563,-1.62283
0.00444095,225.177,3902.12,1.02302e+06,-1.59859
0.00444786,224.827,1938.69,252522,-3.10379
0.00445476,224.479,4143.68,1.1536e+06,1.95145
0.00446167,224.131,1308.17,114977,2.41841
0.00446858,223.785,1300.98,113717,1.88646
0.00447548,223.44,1930.84,250481,1.67238
0.00448239,223.095,762.991,39113.1,2.77493
0.0044893,222.752,2238.62,336699,-2.67616
0.0044962,222.41,2620.74,461458,1.77884
0.00450311,222.069,795.056,42469.7,-3.09567
0.00451002,221.729,1401.56,131980,0.151645
0.00451692,221.39,4029.33,1.09081e+06,-0.655711
0.00452383,221.052,2013.66,272431,-1.64624
0.00453074,220.715,4967.28,1.65775e+06,-2.19761
0.00453764,220.379,1252.59,105415,-1.35257
0.00454455,220.044,671.679,30311.4,-2.0891
0.00455146,219.71,2878.11,556542,2.17862
0.00455836,219.377,2277.94,348633,-1.45502
0.00456527,219.045,2054.31,283541,1.10947
0.00457218,218.714,3816.27,978500,2.53277
0.00457908,218.384,2232.11,334745,1.883
0.00458599,218.055,1284.37,110832,2.22079
0.0045929,217.728,2976.78,595355,1.40778
0.0045998,217.401,2113.95,300242,-1.36946
0.00460671,217.075,3600.43,870945,-0.122728
0.00461362,216.75,981.056,64665.2,-2.72165
0.00462052,216.426,3823.44,982181,-2.46337
0.00462743,216.103,3272.12,719354,-1.53528
0.00463434,215.781,1896.29,241597,0.356025
0.00464124,215.46,2234.87,335573,-2.87444
0.00464815,215.139,1976.8,262547,-2.83599
0.00465505,214.82,1998.51,268347,1.90875
0.00466196,214.502,3989.67,1.06944e+06,2.08431
0.00466887,214.185,707.431,33624.1,0.308974
0.00467577,213.868,5287.69,1.87852e+06,0.881856
0.00468268,213.553,1606.9,173484,1.53451
0.00468959,213.238,2169.4,316199,3.12471
0.00469649,212.925,2394.86,385340,-0.525875
0.0047034,212.612,1837.4,226825,1.78504
0.00471031,212.3,2269.59,346082,-2.6948
0.00471721,211.99,3181.06,679873,-1.15247
0.00472412,211.68,3442.65,796286,-1.16472
0.00473103,211.371,2974.58,594474,-2.52199
0.00473793,211.062,4066.55,1.11105e+06,-2.16645
0.00474484,210.755,2894.56,562921,2.22581
0.00475175,210.449,3253.05,710990,1.50854
0.00475865,210.143,1724.16,199727,0.525287
0.00476556,209.839,2709.7,493316,0.0469062
0.00477247,209.535,4193.29,1.18139e+06,1.74244
0.00477937,209.232,1214.29,99067.1,2.48397
0.00478628,208.931,1694.86,192996,1.9248
0.00479319,208.629,3653.98,897049,0.437781
0.00480009,208.329,1468.55,144896,0.91577
0.004807,208.03,3754.02,946837,-1.69791
0.00481391,207.731,2899.48,564836,-1.75427
0.00482081,207.434,5075.95,1.73108e+06,-2.30543
0.00482772,207.137,4833.5,1.56966e+06,-2.86708
0.00483463,206.841,869.507,50796,1.35088
0.00484153,206.546,2690.45,486333,1.34637
0.00484844,206.252,2250.5,340285,-1.75555
0.00485535,205.959,1190.64,95246,-0.852834
0.00486225,205.666,2453.18,404336,0.455527
0.00486916,205.374,4533.62,1.38094e+06,1.81698
0.00487607,205.083,3217.9,695711,1.07561
0.00488297,204.793,4372.32,1.28442e+06,0.452248
0.00488988,204.504,3125.86,656479,-0.0164405
0.00489679,204.216,1638.38,180349,-1.76151
0.00490369,203.928,4476.47,1.34634e+06,-1.7885
0.0049106,203.641,3978.64,1.06354e+06,-3.00222
0.00491751,203.355,3551.8,847580,-2.92776
0.00492441,203.07,2192.47,322962,-2.42244
0.00493132,202.785,689.822,31971.1,-1.40692
0.00493823,202.502,2481.59,413755,-2.81978
0.00494513,202.219,1483.68,147899,-2.14067
0.00495204,201.937,1898.64,242196,2.51138
0.00495895,201.656,4817.2,1.55909e+06,1.04833
0.00496585,201.375,3857.49,999750,0.914524
0.00497276,201.096,4989.87,1.67287e+06,0.0834413
0.00497967,200.817,2093.46,294451,-0.527302
0.00498657,200.539,2829.22,537796,-0.489857
0.00499348,200.261,1700.27,194231,-3.02976
0.00500039,199.985,1698.48,193823,-2.19082
0.00500729,199.709,3277.64,721781,-3.01421
0.0050142,199.434,1886.27,239050,-2.35313
0.00502111,199.159,3472.69,810241,2.92183
0.00502801,198.886,2563.93,441668,-2.89805
0.00503492,198.613,4412.9,1.30837e+06,-3.14094
0.00504183,198.341,1206.19,97749.1,2.70288
0.00504873,198.07,854.854,49098.4,0.869991
0.00505564,197.799,3223.59,698173,0.338106
0.00506254,197.529,2820.66,534545,0.531544
0.00506945,197.26,1550.21,161460,0
