year,link_id,sample_idx,s_m,lon,lat,B_m,C_1m
2012,0,0,0.00,115.237906,35.427354,732.58,-0.00883123
2012,0,1,43.79,115.238388,35.427354,553.17,-0.00901968
2012,0,2,87.58,115.238714,35.427084,941.88,-0.00920812
2012,1,0,0.00,115.238714,35.427084,493.37,-0.00513191
2012,1,1,81.47,115.239455,35.427354,583.07,-0.00378328
2012,1,2,162.93,115.240197,35.427084,747.53,-0.00256596
2012,1,3,244.40,115.241094,35.427084,1629.61,-0.00396480
2012,1,4,325.87,115.241679,35.426545,1794.06,-0.00523232
2012,10,0,0.00,115.244643,35.429779,1734.26,-0.00000000
2012,10,1,96.60,115.243969,35.430453,1674.46,-0.00000000
2012,10,2,193.19,115.243296,35.431127,956.83,-0.00000000
2012,100,0,0.00,115.181581,35.421695,433.57,-0.00298813
2012,100,1,87.59,115.180872,35.421254,463.47,-0.00439204
2012,100,2,175.18,115.179965,35.421156,388.71,-0.00441508
2012,100,3,262.77,115.179156,35.421425,478.42,-0.00303421
2012,102,0,0.00,115.336271,35.490146,388.71,0.00184686
2012,102,1,97.65,115.337191,35.489877,418.61,0.00176114
2012,102,2,195.30,115.338267,35.489877,358.81,0.00103634
2012,102,3,292.95,115.339344,35.489877,388.71,0.00083771
2012,102,4,390.60,115.340381,35.489944,433.57,0.00042106
2012,102,5,488.25,115.341340,35.490146,448.52,-0.00083771
2012,102,6,585.90,115.342416,35.490146,358.81,-0.00061969
2012,102,7,683.55,115.343492,35.490146,388.71,0.00083771
2012,102,8,781.20,115.344568,35.490146,418.61,0.00083771
2012,102,9,878.85,115.345488,35.490416,418.61,-0.00083771
2012,102,10,976.50,115.346564,35.490416,388.71,0.00000000
2012,102,11,1074.14,115.347640,35.490416,388.71,0.00083771
2012,102,12,1171.79,115.348560,35.490685,388.71,-0.00083771
2012,102,13,1269.44,115.349636,35.490685,358.81,-0.00000000
2012,102,14,1367.09,115.350713,35.490685,328.91,0.00176114
2012,102,15,1464.74,115.351633,35.490955,313.96,0.00184686
2012,103,0,0.00,115.181581,35.423042,583.07,0.00433994
2012,103,1,79.86,115.180926,35.423428,388.71,0.00748128
2012,103,2,159.71,115.180270,35.423347,418.61,0.00727590
2012,103,3,239.57,115.179713,35.422791,642.87,0.00196459
2012,103,4,319.42,115.179156,35.422234,568.12,-0.00000000
2012,104,0,0.00,115.181581,35.423042,642.87,-0.00395777
2012,104,1,50.88,115.181936,35.423397,478.42,-0.00417164
2012,104,2,101.75,115.182390,35.423581,418.61,-0.00438550
2012,105,0,0.00,115.179156,35.421425,1794.06,0.00000000
2012,105,1,44.85,115.179156,35.421829,1794.06,0.00000000
2012,105,2,89.70,115.179156,35.422234,1121.29,0.00000000
2012,106,0,0.00,115.179156,35.421425,448.52,-0.00577789
2012,106,1,56.03,115.178695,35.421156,478.42,-0.00553400
2012,106,2,112.06,115.178078,35.421156,448.52,-0.00529011
2012,107,0,0.00,115.351633,35.490955,358.81,-0.01145865
2012,107,1,31.54,115.351952,35.490905,598.02,-0.01106435
2012,107,2,63.08,115.352172,35.490685,822.28,-0.01067005
2012,108,0,0.00,115.351633,35.490955,1225.94,0.00000000
2012,108,1,74.75,115.351633,35.491628,1270.79,0.00000000
2012,108,2,149.50,115.351633,35.492302,433.57,0.00000000
2012,11,0,0.00,115.237367,35.422773,508.32,-0.00471377
2012,11,1,65.83,115.237116,35.422252,448.52,-0.00479928
2012,11,2,131.65,115.236558,35.421964,433.57,-0.00488479
2012,110,0,0.00,115.179156,35.422234,642.87,0.00000000
2012,110,1,82.43,115.178581,35.422808,747.53,0.00170458
2012,110,2,164.87,115.178006,35.423383,463.47,0.00571155
2012,110,3,247.30,115.177213,35.423581,343.86,0.00616640
2012,110,4,329.73,115.176461,35.423312,508.32,0.00431886
2012,111,0,0.00,115.178078,35.421156,358.81,-0.00179934
2012,111,1,98.86,115.177145,35.420886,478.42,-0.00171629
2012,111,2,197.73,115.176057,35.420886,299.01,-0.00163325
2012,111,3,296.59,115.174968,35.420886,388.71,-0.00171629
2012,111,4,395.45,115.174036,35.421156,553.17,-0.00179934
2012,112,0,0.00,115.178078,35.421156,598.02,-0.00004118
2012,112,1,97.21,115.177400,35.421834,732.58,-0.00106161
2012,112,2,194.42,115.176731,35.422514,762.48,-0.00211939
2012,112,3,291.64,115.176461,35.423312,852.18,-0.00215673
2012,113,0,0.00,115.352172,35.490685,1166.14,0.00194467
2012,113,1,99.39,115.352172,35.489789,1046.54,0.00587462
2012,113,2,198.79,115.352559,35.489068,837.23,0.01181240
2012,113,3,298.18,115.353506,35.489324,523.27,0.01122554
2012,113,4,397.58,115.353519,35.490216,941.88,0.00572588
2012,113,5,496.97,115.352980,35.490955,867.13,0.00282091
2012,114,0,0.00,115.352172,35.490685,433.57,-0.00921973
2012,114,1,43.77,115.352498,35.490955,373.76,-0.00903121
2012,114,2,87.53,115.352980,35.490955,299.01,-0.00884269
2012,116,0,0.00,115.176461,35.423312,284.06,0.00186308
2012,116,1,92.74,115.175440,35.423312,343.86,0.00196025
2012,116,2,185.49,115.174575,35.423042,523.27,0.00205742
2012,117,0,0.00,115.174036,35.421156,1794.06,0.00000000
2012,117,1,59.80,115.174036,35.421695,1345.55,0.00000000
2012,117,2,119.60,115.174036,35.422234,657.82,0.00000000
2012,118,0,0.00,115.174036,35.421156,478.42,0.00205730
2012,118,1,92.75,115.173092,35.421021,418.61,0.00050564
2012,118,2,185.49,115.172305,35.420617,418.61,-0.00196013
2012,118,3,278.24,115.171284,35.420617,418.61,-0.00143712
2012,118,4,370.98,115.170263,35.420617,328.91,0.00000000
2012,12,0,0.00,115.250842,35.436247,1794.06,-0.00000000
2012,12,1,86.29,115.250240,35.436849,1524.95,-0.00000000
2012,12,2,172.58,115.249638,35.437451,1240.89,-0.00333974
2012,12,3,258.87,115.249036,35.438053,792.38,-0.01181426
2012,12,4,345.15,115.249476,35.438655,553.17,-0.01409409
2012,12,5,431.44,115.250177,35.438259,1539.90,-0.00638973
2012,12,6,517.73,115.250779,35.437658,1524.95,-0.00077016
2012,12,7,604.02,115.251381,35.437056,1794.06,-0.00000000
2012,120,0,0.00,115.352980,35.490955,373.76,0.00343117
2012,120,1,99.90,115.353875,35.491310,313.96,0.00381691
2012,120,2,199.79,115.354328,35.492079,239.21,0.00257001
2012,120,3,299.69,115.354597,35.492900,284.06,0.00114317
2012,120,4,399.58,115.354867,35.493722,328.91,0.00084705
2012,120,5,499.48,115.354867,35.494622,313.96,-0.00000000
2012,120,6,599.37,115.355065,35.495465,328.91,0.00013405
2012,120,7,699.27,115.355136,35.496345,313.96,0.00061321
2012,121,0,0.00,115.174575,35.423042,702.67,-0.00369325
2012,121,1,53.59,115.174409,35.422607,1106.34,-0.00358590
2012,121,2,107.18,115.174036,35.422234,627.92,-0.00347855
2012,122,0,0.00,115.174575,35.423042,777.43,-0.00347855
2012,122,1,53.59,115.174201,35.423416,1001.69,-0.00358589
2012,122,2,107.18,115.174036,35.423851,538.22,-0.00369324
2012,123,0,0.00,115.174036,35.422234,792.38,-0.00000000
2012,123,1,93.25,115.173385,35.422884,822.28,0.00115864
2012,123,2,186.51,115.172735,35.423534,523.27,0.00365268
2012,123,3,279.76,115.171891,35.423851,433.57,0.00450673
2012,123,4,373.02,115.170864,35.423851,328.91,0.00302963
2012,123,5,466.27,115.169993,35.423581,343.86,0.00203386
2012,125,0,0.00,115.170263,35.420617,897.03,0.00068328
2012,125,1,81.42,115.169903,35.421245,986.73,-0.00197192
2012,125,2,162.84,115.169454,35.421848,807.33,-0.00502316
2012,125,3,244.26,115.169724,35.422503,747.53,-0.00541920
2012,126,0,0.00,115.170263,35.420617,463.47,-0.00211521
2012,126,1,91.52,115.169411,35.420347,418.61,-0.00238757
2012,126,2,183.05,115.168403,35.420347,269.11,-0.00436147
2012,126,3,274.57,115.167459,35.420456,328.91,-0.00566216
2012,126,4,366.10,115.167029,35.421156,538.22,-0.00526133
2012,127,0,0.00,115.355136,35.496345,388.71,-0.00281606
2012,127,1,98.43,115.354597,35.497074,328.91,-0.00156733
2012,127,2,196.85,115.354597,35.497962,284.06,0.00071015
2012,127,3,295.28,115.354119,35.498709,343.86,-0.00038158
2012,127,4,393.70,115.353789,35.499500,313.96,-0.00206205
2012,127,5,492.13,115.353789,35.500387,299.01,-0.00162203
2012,128,0,0.00,115.355136,35.496345,553.17,-0.00174642
2012,128,1,67.80,115.355609,35.496818,657.82,-0.00229559
2012,128,2,135.60,115.356162,35.497153,971.78,-0.00190464
2012,128,3,203.41,115.356753,35.497423,762.48,-0.00096452
2012,129,0,0.00,115.169993,35.423581,553.17,0.00000000
2012,129,1,44.85,115.169993,35.423177,343.86,0.00000000
2012,129,2,89.70,115.169993,35.422773,343.86,0.00000000
2012,13,0,0.00,115.250842,35.436247,478.42,0.00347849
2012,13,1,53.59,115.251215,35.436621,508.32,0.00358581
2012,13,2,107.17,115.251381,35.437056,553.17,0.00369312
2012,130,0,0.00,115.169993,35.423581,568.12,0.00192449
2012,130,1,95.75,115.169095,35.423851,254.16,0.00366916
2012,130,2,191.49,115.168041,35.423851,313.96,0.00466158
2012,130,3,287.24,115.167298,35.423312,358.81,0.00390933
2012,131,0,0.00,115.169993,35.422773,463.47,0.00000000
2012,131,1,19.32,115.169858,35.422638,493.37,0.00000000
2012,131,2,38.64,115.169724,35.422503,508.32,0.00000000
2012,132,0,0.00,115.169724,35.422503,358.81,0.00000000
2012,132,1,79.43,115.168972,35.422290,448.52,0.00091599
2012,132,2,158.86,115.168221,35.422078,313.96,0.00182259
2012,132,3,238.29,115.167568,35.421695,493.37,0.00181321
2012,133,0,0.00,115.169993,35.422773,343.86,0.00000000
2012,133,1,24.47,115.170263,35.422773,343.86,0.00000000
2012,133,2,48.95,115.170532,35.422773,343.86,0.00000000
2012,135,0,0.00,115.167029,35.421156,403.66,-0.00440029
2012,135,1,86.82,115.166226,35.420891,373.76,-0.00324854
2012,135,2,173.64,115.165429,35.421156,358.81,0.00000000
2012,135,3,260.46,115.164473,35.421156,299.01,-0.00001901
2012,135,4,347.27,115.163517,35.421156,328.91,-0.00224845
2012,135,5,434.09,115.162717,35.421425,313.96,-0.00236209
2012,136,0,0.00,115.167029,35.421156,642.87,-0.00000000
2012,136,1,38.64,115.167298,35.421425,642.87,-0.00000000
2012,136,2,77.28,115.167568,35.421695,642.87,-0.00000000
2012,137,0,0.00,115.353789,35.500387,299.01,-0.00052557
2012,137,1,99.62,115.353250,35.501128,313.96,-0.00039575
2012,137,2,199.25,115.352816,35.501899,358.81,-0.00015094
2012,137,3,298.87,115.352329,35.502655,328.91,0.00013297
2012,137,4,398.49,115.351902,35.503428,373.76,0.00030059
2012,137,5,498.11,115.351356,35.504167,418.61,0.00000000
2012,137,6,597.74,115.350870,35.504923,373.76,0.00022526
2012,137,7,697.36,115.350383,35.505679,433.57,-0.00000000
2012,137,8,796.98,115.349746,35.506391,373.76,-0.00022853
2012,137,9,896.61,115.349410,35.507191,418.61,0.00009655
2012,137,10,996.23,115.348715,35.507886,418.61,-0.00113890
2012,137,11,1095.85,115.348399,35.508692,358.81,-0.00019364
2012,137,12,1195.47,115.348129,35.509511,373.76,0.00091666
2012,137,13,1295.10,115.347464,35.510215,388.71,-0.00097235
2012,137,14,1394.72,115.347186,35.511032,373.76,-0.00045685
2012,137,15,1494.34,115.346908,35.511849,418.61,0.00028233
2012,137,16,1593.96,115.346422,35.512605,403.66,-0.00081004
2012,137,17,1693.59,115.346243,35.513450,418.61,-0.00002844
2012,137,18,1793.21,115.345973,35.514270,418.61,0.00108493
2012,137,19,1892.83,115.345588,35.515055,418.61,0.00078884
2012,137,20,1992.46,115.345102,35.515811,403.66,-0.00027489
2012,137,21,2092.08,115.344626,35.516570,433.57,-0.00039262
2012,137,22,2191.70,115.344337,35.517384,388.71,0.00053270
2012,137,23,2291.32,115.343817,35.518130,403.66,-0.00069300
2012,137,24,2390.95,115.343364,35.518896,343.86,-0.00089149
2012,137,25,2490.57,115.343278,35.519769,313.96,0.00000000
2012,137,26,2590.19,115.342739,35.520510,254.16,-0.00087845
2012,137,27,2689.82,115.342739,35.521407,313.96,0.00156779
2012,137,28,2789.44,115.342461,35.522224,328.91,0.00223765
2012,137,29,2889.06,115.341671,35.522755,388.71,-0.00153905
2012,137,30,2988.68,115.341392,35.523566,358.81,-0.00153136
2012,137,31,3088.31,115.341122,35.524386,418.61,0.00004139
2012,137,32,3187.93,115.340834,35.525199,463.47,0.00053096
2012,137,33,3287.55,115.340556,35.526016,463.47,0.00050949
2012,137,34,3387.17,115.340069,35.526772,538.22,-0.00051527
2012,137,35,3486.80,115.339792,35.527589,508.32,-0.00053673
2012,137,36,3586.42,115.339505,35.528404,493.37,-0.00006434
2012,137,37,3686.04,115.339236,35.529223,538.22,-0.00008576
2012,138,0,0.00,115.353789,35.500387,1569.81,-0.00276989
2012,138,1,80.44,115.354519,35.500656,1076.44,-0.00263469
2012,138,2,160.88,115.355405,35.500656,822.28,-0.00249950
2012,139,0,0.00,115.167298,35.423312,433.57,0.00144135
2012,139,1,94.07,115.167298,35.422464,1196.04,0.00148466
2012,139,2,188.14,115.167568,35.421695,1016.64,0.00152797
2012,14,0,0.00,115.236558,35.421964,1794.06,0.00000000
2012,14,1,80.72,115.235995,35.422527,1794.06,0.00159879
2012,14,2,161.43,115.235432,35.423090,1121.29,0.00336327
2012,14,3,242.15,115.234672,35.423312,583.07,0.00352896
2012,140,0,0.00,115.167298,35.423312,553.17,0.00369236
2012,140,1,69.99,115.166684,35.423581,343.86,0.00351319
2012,140,2,139.97,115.165913,35.423581,373.76,0.00166701
2012,140,3,209.96,115.165142,35.423581,343.86,0.00000000
2012,143,0,0.00,115.162717,35.421425,1794.06,-0.00240113
2012,143,1,86.66,115.162717,35.422206,1794.06,-0.00388681
2012,143,2,173.33,115.163092,35.422878,553.17,-0.00413643
2012,143,3,259.99,115.163795,35.423312,433.57,-0.00290037
2012,144,0,0.00,115.162717,35.421425,358.81,-0.00328543
2012,144,1,96.29,115.161813,35.421156,388.71,-0.00267552
2012,144,2,192.57,115.160880,35.421376,343.86,-0.00120177
2012,144,3,288.86,115.159848,35.421425,478.42,-0.00095095
2012,144,4,385.14,115.158944,35.421695,493.37,-0.00156397
2012,145,0,0.00,115.339236,35.529223,807.33,-0.00288365
2012,145,1,83.73,115.338469,35.529492,508.32,-0.00489176
2012,145,2,167.45,115.337888,35.530056,538.22,-0.00551390
2012,145,3,251.18,115.337888,35.530810,553.17,-0.00172602
2012,145,4,334.91,115.337888,35.531565,433.57,0.00091235
2012,145,5,418.64,115.337786,35.532290,493.37,0.00080250
2012,145,6,502.36,115.337619,35.532996,508.32,0.00045622
2012,146,0,0.00,115.339236,35.529223,897.03,0.00000000
2012,146,1,97.94,115.339919,35.529906,941.88,0.00153067
2012,146,2,195.89,115.340603,35.530590,672.77,0.00414380
2012,146,3,293.83,115.340628,35.531334,403.66,0.00546602
2012,146,4,391.77,115.340362,35.532139,598.02,0.00450330
2012,146,5,489.71,115.339480,35.532482,702.67,0.00285723
2012,146,6,587.66,115.338699,35.532996,822.28,0.00287018
2012,146,7,685.60,115.337619,35.532996,1465.15,0.00332671
2012,147,0,0.00,115.165142,35.423581,388.71,0.00422606
2012,147,1,91.81,115.164443,35.424120,313.96,0.00476246
2012,147,2,183.61,115.163432,35.424120,284.06,0.00295321
2012,147,3,275.42,115.162530,35.423933,328.91,0.00025502
2012,147,4,367.23,115.161567,35.423851,373.76,0.00215578
2012,147,5,459.04,115.160656,35.423676,418.61,0.00391664
2012,147,6,550.84,115.160016,35.423036,732.58,0.00229311
2012,147,7,642.65,115.159376,35.422396,807.33,0.00119335
2012,147,8,734.46,115.158944,35.421695,1255.84,0.00122468
2012,148,0,0.00,115.165142,35.423581,598.02,-0.00395777
2012,148,1,50.88,115.164787,35.423226,493.37,-0.00417163
2012,148,2,101.75,115.164334,35.423042,388.71,-0.00438550
2012,149,0,0.00,115.158944,35.421695,418.61,-0.00883024
2012,149,1,43.79,115.158462,35.421695,508.32,-0.00901868
2012,149,2,87.59,115.158135,35.421964,702.67,-0.00920711
2012,15,0,0.00,115.236558,35.421964,463.47,0.00000000
2012,15,1,93.60,115.235840,35.421425,493.37,0.00000000
2012,15,2,187.19,115.235121,35.420886,418.61,0.00000000
2012,15,3,280.79,115.234402,35.420347,433.57,0.00000000
2012,152,0,0.00,115.337619,35.532996,538.22,-0.00080958
2012,152,1,99.09,115.337136,35.533748,538.22,-0.00053846
2012,152,2,198.18,115.336810,35.534546,478.42,-0.00026758
2012,152,3,297.27,115.336379,35.535314,448.52,-0.00028724
2012,152,4,396.36,115.336105,35.536127,478.42,0.00013391
2012,152,5,495.45,115.335732,35.536911,448.52,0.00003154
2012,152,6,594.54,115.335348,35.537692,448.52,-0.00054236
2012,152,7,693.63,115.335074,35.538505,463.47,0.00007805
2012,152,8,792.72,115.334799,35.539319,448.52,0.00035254
2012,152,9,891.80,115.334385,35.540091,388.71,-0.00107431
2012,152,10,990.89,115.334115,35.540905,403.66,-0.00122374
2012,152,11,1089.98,115.334115,35.541798,373.76,0.00000000
2012,152,12,1189.07,115.333911,35.542632,328.91,-0.00017695
2012,152,13,1288.16,115.333846,35.543506,284.06,-0.00067712
2012,153,0,0.00,115.158135,35.421964,1794.06,0.00000000
2012,153,1,89.70,115.158135,35.422773,1300.70,0.00000000
2012,153,2,179.40,115.158135,35.423581,747.53,0.00000000
2012,153,3,269.10,115.158135,35.424389,538.22,0.00000000
2012,154,0,0.00,115.158135,35.421964,448.52,-0.00178011
2012,154,1,99.37,115.157197,35.421695,418.61,-0.00169812
2012,154,2,198.74,115.156103,35.421695,478.42,-0.00080807
2012,154,3,298.11,115.155009,35.421695,508.32,-0.00035697
2012,154,4,397.48,115.153915,35.421695,598.02,-0.00080807
2012,154,5,496.85,115.152892,35.421818,598.02,-0.00006962
2012,154,6,596.22,115.151882,35.421964,627.92,0.00080807
2012,154,7,695.60,115.150788,35.421964,627.92,0.00042659
2012,154,8,794.97,115.149694,35.421964,627.92,0.00000000
2012,154,9,894.34,115.148600,35.421964,627.92,0.00000000
2012,154,10,993.71,115.147506,35.421964,627.92,0.00079952
2012,154,11,1093.08,115.146412,35.421964,598.02,0.00080807
2012,154,12,1192.45,115.145472,35.421697,598.02,-0.00079195
2012,154,13,1291.82,115.144379,35.421695,568.12,-0.00080807
2012,154,14,1391.19,115.143285,35.421695,568.12,-0.00000757
2012,154,15,1490.56,115.142191,35.421695,538.22,0.00000000
2012,154,16,1589.93,115.141097,35.421695,538.22,0.00000000
2012,154,17,1689.30,115.140003,35.421695,508.32,0.00080807
2012,154,18,1788.67,115.138909,35.421695,538.22,0.00080807
2012,154,19,1888.05,115.137970,35.421425,568.12,0.00000000
2012,154,20,1987.42,115.136876,35.421425,568.12,0.00000000
2012,154,21,2086.79,115.135938,35.421156,598.02,-0.00000000
2012,154,22,2186.16,115.134844,35.421156,538.22,-0.00000000
2012,154,23,2285.53,115.133906,35.420886,538.22,-0.00079440
2012,154,24,2384.90,115.132811,35.420886,538.22,0.00000000
2012,154,25,2484.27,115.131720,35.420881,538.22,0.00077898
2012,154,26,2583.64,115.130779,35.420617,568.12,-0.00000000
2012,154,27,2683.01,115.129685,35.420617,568.12,0.00001541
2012,154,28,2782.38,115.128747,35.420347,538.22,0.00000000
2012,154,29,2881.75,115.127653,35.420347,568.12,-0.00000000
2012,154,30,2981.12,115.126714,35.420078,538.22,0.00000000
2012,154,31,3080.50,115.125620,35.420078,508.32,0.00010562
2012,154,32,3179.87,115.124682,35.419808,538.22,-0.00000000
2012,154,33,3279.24,115.123607,35.419775,493.37,0.00067217
2012,154,34,3378.61,115.122650,35.419539,508.32,0.00068075
2012,154,35,3477.98,115.121712,35.419269,508.32,-0.00039216
2012,154,36,3577.35,115.120738,35.419061,478.42,-0.00048237
2012,154,37,3676.72,115.119748,35.418880,478.42,-0.00008770
2012,154,38,3776.09,115.118741,35.418730,478.42,-0.00019838
2012,154,39,3875.46,115.117769,35.418519,463.47,-0.00000000
2012,154,40,3974.83,115.116709,35.418461,508.32,0.00089006
2012,154,41,4074.20,115.115790,35.418157,493.37,0.00000000
2012,154,42,4173.57,115.114832,35.417922,463.47,-0.00089006
2012,154,43,4272.94,115.113812,35.417795,478.42,0.00016555
2012,154,44,4372.32,115.112800,35.417652,478.42,0.00042391
2012,154,45,4471.69,115.111862,35.417383,448.52,0.00023482
2012,154,46,4571.06,115.110843,35.417252,448.52,0.00094154
2012,154,47,4670.43,115.109953,35.416900,448.52,0.00017006
2012,154,48,4769.80,115.109047,35.416574,433.57,-0.00136545
2012,154,49,4869.17,115.108072,35.416368,433.57,-0.00066618
2012,154,50,4968.54,115.107015,35.416305,433.57,0.00089006
2012,154,51,5067.91,115.106077,35.416035,418.61,0.00076629
2012,154,52,5167.28,115.105138,35.415766,388.71,0.00035985
2012,154,53,5266.65,115.104214,35.415473,403.66,0.00076695
2012,154,54,5366.02,115.103323,35.415122,388.71,0.00020336
2012,154,55,5465.39,115.102480,35.414688,299.01,-0.00084536
2012,154,56,5564.77,115.101542,35.414418,269.11,-0.00112641
2012,155,0,0.00,115.333846,35.543506,358.81,-0.00000000
2012,155,1,19.31,115.333711,35.543641,299.01,-0.00000000
2012,155,2,38.62,115.333576,35.543776,299.01,-0.00000000
2012,156,0,0.00,115.333846,35.543506,313.96,0.00134989
2012,156,1,84.71,115.334115,35.544191,209.31,0.00027766
2012,156,2,169.43,115.334194,35.544932,194.36,-0.00073687
2012,156,3,254.14,115.334576,35.545584,209.31,0.00039729
2012,156,4,338.86,115.334750,35.546297,179.41,0.00073687
2012,156,5,423.57,115.334924,35.547010,209.31,-0.00000000
2012,157,0,0.00,115.101542,35.414418,911.98,0.00000000
2012,157,1,44.85,115.101542,35.414014,777.43,0.00000000
2012,157,2,89.70,115.101542,35.413610,373.76,0.00000000
2012,158,0,0.00,115.101542,35.414418,299.01,0.00037503
2012,158,1,99.08,115.100554,35.414239,224.26,-0.00054558
2012,158,2,198.16,115.099765,35.414039,194.36,0.00014048
2012,158,3,297.24,115.098777,35.414079,134.55,0.00276173
2012,158,4,396.32,115.097958,35.413610,194.36,0.00159271
2012,158,5,495.40,115.097180,35.413071,194.36,-0.00035888
2012,158,6,594.48,115.096309,35.412689,194.36,0.00039988
2012,158,7,693.56,115.095520,35.412169,224.26,0.00100535
2012,158,8,792.64,115.094730,35.411649,224.26,0.00054203
2012,158,9,891.72,115.094039,35.410958,299.01,0.00000000
2012,158,10,990.80,115.093249,35.410438,328.91,0.00050359
2012,158,11,1089.89,115.092558,35.409747,403.66,0.00100140
2012,158,12,1188.97,115.091867,35.409056,418.61,0.00066540
2012,158,13,1288.05,115.091385,35.408304,418.61,0.00004427
2012,158,14,1387.13,115.090828,35.407681,463.47,0.00054332
2012,158,15,1486.21,115.090321,35.406971,448.52,0.00062811
2012,158,16,1585.29,115.089953,35.406185,448.52,-0.00047396
2012,158,17,1684.37,115.089414,35.405450,448.52,-0.00029655
2012,158,18,1783.45,115.088875,35.404715,478.42,0.00028282
2012,158,19,1882.53,115.088391,35.403963,478.42,0.00014766
2012,158,20,1981.61,115.087909,35.403211,478.42,0.00000372
2012,158,21,2080.69,115.087427,35.402459,508.32,-0.00052349
2012,158,22,2179.77,115.086944,35.401707,553.17,-0.00017372
2012,158,23,2278.85,115.086253,35.401016,538.22,0.00052349
2012,158,24,2377.93,115.085911,35.400223,568.12,-0.00068786
2012,158,25,2477.01,115.085288,35.399512,612.97,-0.00052349
2012,158,26,2576.09,115.084597,35.398821,568.12,0.00086158
2012,158,27,2675.17,115.084115,35.398069,598.02,0.00052349
2012,158,28,2774.25,115.083632,35.397317,598.02,-0.00000000
2012,158,29,2873.33,115.083150,35.396566,583.07,0.00000000
2012,158,30,2972.41,115.082667,35.395814,598.02,0.00000000
2012,158,31,3071.49,115.082185,35.395062,583.07,-0.00000000
2012,158,32,3170.57,115.081703,35.394310,598.02,-0.00000000
2012,158,33,3269.66,115.081220,35.393558,583.07,0.00000000
2012,158,34,3368.74,115.080738,35.392806,583.07,0.00000000
2012,158,35,3467.82,115.080255,35.392054,568.12,0.00000000
2012,158,36,3566.90,115.079773,35.391302,583.07,0.00000000
2012,158,37,3665.98,115.079290,35.390550,627.92,0.00010160
2012,158,38,3765.06,115.078808,35.389798,583.07,-0.00000000
2012,158,39,3864.14,115.078365,35.389034,598.02,-0.00020262
2012,158,40,3963.22,115.077843,35.388294,568.12,0.00053927
2012,158,41,4062.30,115.077361,35.387542,583.07,0.00031431
2012,158,42,4161.38,115.077087,35.386729,553.17,-0.00053927
2012,158,43,4260.46,115.076479,35.386014,523.27,0.00011029
2012,158,44,4359.54,115.076122,35.385225,553.17,0.00000000
2012,158,45,4458.62,115.075639,35.384473,508.32,-0.00084706
2012,158,46,4557.70,115.075157,35.383721,508.32,-0.00035080
2012,158,47,4656.78,115.074466,35.383031,508.32,0.00125622
2012,158,48,4755.86,115.074053,35.382258,493.37,0.00070864
2012,158,49,4854.94,115.073784,35.381444,448.52,-0.00101928
2012,158,50,4954.02,115.073227,35.380714,463.47,-0.00035784
2012,158,51,5053.10,115.072706,35.379973,418.61,0.00000000
2012,158,52,5152.18,115.072262,35.379210,373.76,-0.00052349
2012,158,53,5251.26,115.071628,35.378502,313.96,0.00000000
2012,158,54,5350.35,115.071089,35.377767,299.01,0.00047388
2012,159,0,0.00,115.334924,35.547010,1166.14,0.00000000
2012,159,1,61.09,115.334250,35.547010,1016.64,0.00000000
2012,159,2,122.18,115.333576,35.547010,822.28,0.00000000
2012,160,0,0.00,115.334924,35.547010,209.31,0.00002612
2012,160,1,91.85,115.335463,35.547680,254.16,0.00032213
2012,160,2,183.71,115.335997,35.548352,254.16,0.00061101
2012,160,3,275.56,115.336430,35.549054,284.06,-0.00030907
2012,160,4,367.42,115.336862,35.549756,299.01,-0.00061101
2012,160,5,459.27,115.337503,35.550397,313.96,0.00061101
2012,160,6,551.12,115.337935,35.551099,313.96,-0.00057982
2012,160,7,642.98,115.338368,35.551801,373.76,-0.00177797
2012,160,8,734.83,115.339108,35.552271,328.91,-0.00000000
2012,160,9,826.69,115.339749,35.552912,358.81,0.00108005
2012,160,10,918.54,115.340390,35.553554,388.71,-0.00064468
2012,160,11,1010.39,115.340853,35.554247,358.81,-0.00293351
2012,160,12,1102.25,115.341661,35.554555,418.61,-0.00359187
2012,161,0,0.00,115.071089,35.377767,269.11,-0.00183166
2012,161,1,75.60,115.070979,35.377118,239.21,-0.00091583
2012,161,2,151.20,115.070660,35.376530,254.16,0.00091583
2012,161,3,226.79,115.070550,35.375880,1001.69,0.00183166
2012,162,0,0.00,115.071089,35.377767,627.92,0.00000000
2012,162,1,36.73,115.070684,35.377767,627.92,0.00000000
2012,162,2,73.46,115.070280,35.377767,433.57,0.00000000
2012,163,0,0.00,115.341661,35.554555,388.71,0.00000000
2012,163,1,98.58,115.342141,35.555304,433.57,-0.00052818
2012,163,2,197.16,115.342620,35.556053,373.76,-0.00103047
2012,163,3,295.74,115.343308,35.556741,403.66,0.00000000
2012,163,4,394.32,115.343996,35.557429,388.71,0.00000000
2012,163,5,492.90,115.344475,35.558178,403.66,-0.00101047
2012,163,6,591.48,115.345262,35.558696,433.57,0.00000000
2012,163,7,690.07,115.345950,35.559384,448.52,0.00000000
2012,163,8,788.65,115.346638,35.560072,478.42,-0.00050819
2012,163,9,887.23,115.347426,35.560589,433.57,0.00000000
2012,163,10,985.81,115.348114,35.561277,448.52,0.00000000
2012,163,11,1084.39,115.348901,35.561795,448.52,-0.00028615
2012,163,12,1182.97,115.349589,35.562483,493.37,-0.00054716
2012,163,13,1281.55,115.350428,35.562910,478.42,0.00056123
2012,163,14,1380.13,115.351163,35.563518,508.32,0.00000000
2012,163,15,1478.71,115.351851,35.564206,463.47,-0.00139906
2012,163,16,1577.29,115.352737,35.564553,493.37,-0.00000000
2012,163,17,1675.87,115.353524,35.565070,478.42,0.00070255
2012,163,18,1774.45,115.354311,35.565588,508.32,-0.00000000
2012,163,19,1873.03,115.355076,35.566144,493.37,-0.00025299
2012,163,20,1971.62,115.355885,35.566623,508.32,-0.00056415
2012,163,21,2070.20,115.356672,35.567140,493.37,-0.00044956
2012,163,22,2168.78,115.357556,35.567491,508.32,0.00055199
2012,163,23,2267.36,115.358345,35.568005,508.32,-0.00000000
2012,163,24,2365.94,115.359132,35.568522,508.32,-0.00115780
2012,163,25,2464.52,115.360018,35.568869,478.42,0.00057681
2012,163,26,2563.10,115.360904,35.569217,448.52,0.00116996
2012,163,27,2661.68,115.361592,35.569905,493.37,-0.00116996
2012,163,28,2760.26,115.362478,35.570252,493.37,-0.00099882
2012,163,29,2858.84,115.363364,35.570599,448.52,-0.00102853
2012,163,30,2957.42,115.364221,35.570995,448.52,-0.00243824
2012,163,31,3056.00,115.365309,35.570995,448.52,-0.00123857
2012,163,32,3154.58,115.366396,35.570995,358.81,-0.00082155
2012,163,33,3253.17,115.367484,35.570995,299.01,-0.00156648
2012,163,34,3351.75,115.368415,35.570725,239.21,-0.00042868
2012,163,35,3450.33,115.369373,35.570502,224.26,-0.00070062
2012,163,36,3548.91,115.370358,35.570326,194.36,-0.00161002
2012,163,37,3647.49,115.371145,35.569808,209.31,0.00091204
2012,163,38,3746.07,115.372031,35.569461,328.91,0.00176530
2012,163,39,3844.65,115.373070,35.569378,388.71,-0.00037185
2012,163,40,3943.23,115.374001,35.569108,388.71,-0.00126391
2012,164,0,0.00,115.341661,35.554555,1569.81,-0.00000000
2012,164,1,96.54,115.342335,35.553882,1255.84,-0.00000000
2012,164,2,193.07,115.343009,35.553208,807.33,-0.00000000
2012,165,0,0.00,115.070550,35.375880,269.11,0.00338003
2012,165,1,82.46,115.069777,35.375647,254.16,0.00321985
2012,165,2,164.92,115.069202,35.375072,448.52,0.00305967
2012,166,0,0.00,115.070550,35.375880,1136.24,-0.00000000
2012,166,1,57.97,115.070954,35.375476,837.23,-0.00000000
2012,166,2,115.94,115.071358,35.375072,493.37,-0.00000000
2012,167,0,0.00,115.374001,35.569108,418.61,-0.00352176
2012,167,1,68.17,115.374753,35.569108,448.52,-0.00371016
2012,167,2,136.33,115.375348,35.568839,508.32,-0.00389855
2012,168,0,0.00,115.374001,35.569108,1196.04,0.00135221
2012,168,1,96.25,115.373329,35.568436,1794.06,0.00335647
2012,168,2,192.49,115.372923,35.567687,926.93,0.00993122
2012,168,3,288.74,115.373258,35.566952,373.76,0.01256514
2012,168,4,384.99,115.374005,35.567495,1106.34,0.00571325
2012,168,5,481.23,115.374676,35.568167,1510.00,0.00039896
2012,168,6,577.48,115.375348,35.568839,1240.89,0.00000000
2012,169,0,0.00,115.069202,35.375072,358.81,0.00162071
2012,169,1,99.23,115.068110,35.375072,418.61,0.00170294
2012,169,2,198.47,115.067174,35.374802,493.37,0.00089258
2012,169,3,297.70,115.066238,35.374533,598.02,-0.00114595
2012,169,4,396.93,115.065302,35.374263,627.92,-0.00251329
2012,169,5,496.16,115.064262,35.374353,583.07,-0.00108637
2012,169,6,595.40,115.063273,35.374533,627.92,0.00075997
2012,169,7,694.63,115.062181,35.374533,627.92,0.00052938
2012,169,8,793.86,115.061100,35.374551,672.77,0.00018888
2012,169,9,893.09,115.060309,35.374533,687.72,0.00027698
2012,17,0,0.00,115.251381,35.437056,538.22,0.00389718
2012,17,1,91.48,115.252216,35.437352,508.32,0.00259953
2012,17,2,182.96,115.252646,35.438051,538.22,-0.00058217
2012,17,3,274.44,115.253383,35.438519,538.22,-0.00059255
2012,17,4,365.92,115.254120,35.438986,493.37,0.00123311
2012,17,5,457.40,115.254758,35.439624,538.22,-0.00064055
2012,17,6,548.88,115.255396,35.440262,523.27,-0.00259953
2012,17,7,640.36,115.256231,35.440559,598.02,-0.00273284
2012,170,0,0.00,115.069202,35.375072,1196.04,-0.00000000
2012,170,1,77.30,115.069741,35.374533,702.67,-0.00000000
2012,170,2,154.59,115.070280,35.373994,149.51,-0.00000000
2012,171,0,0.00,115.375348,35.568839,478.42,-0.00131814
2012,171,1,78.80,115.376096,35.568630,583.07,-0.00098999
2012,171,2,157.61,115.376774,35.568300,568.12,-0.00145179
2012,171,3,236.41,115.377487,35.568030,598.02,-0.00244021
2012,171,4,315.21,115.378043,35.567491,687.72,-0.00263867
2012,172,0,0.00,115.060309,35.374533,1031.59,-0.00096968
2012,172,1,85.69,115.060309,35.373761,956.83,-0.00253292
2012,172,2,171.37,115.060156,35.373033,463.47,-0.00351963
2012,172,3,257.06,115.059559,35.372436,194.36,-0.00147155
2012,172,4,342.74,115.058961,35.371838,,-0.00000000
2012,173,0,0.00,115.060309,35.374533,598.02,0.00202103
2012,173,1,75.38,115.059685,35.374888,523.27,0.00202472
2012,173,2,150.76,115.058961,35.375072,388.71,0.00202841
2012,174,0,0.00,115.378043,35.567491,627.92,-0.00200127
2012,174,1,74.60,115.378866,35.567491,627.92,-0.00307989
2012,174,2,149.21,115.379579,35.567302,627.92,-0.00305474
2012,174,3,223.81,115.380199,35.566952,642.87,-0.00195098
2012,175,0,0.00,115.378043,35.567491,1480.10,0.00134264
2012,175,1,85.46,115.377447,35.566895,1794.06,0.00240543
2012,175,2,170.91,115.377059,35.566237,1196.04,0.00321509
2012,175,3,256.37,115.376965,35.565495,1016.64,0.00380153
2012,175,4,341.82,115.377021,35.564741,837.23,0.00679999
2012,175,5,427.28,115.377617,35.564144,642.87,0.00814130
2012,175,6,512.74,115.378313,35.564257,672.77,0.00732374
2012,176,0,0.00,115.380199,35.566952,837.23,-0.00497083
2012,176,1,78.25,115.381062,35.566952,762.48,-0.00672019
2012,176,2,156.50,115.381546,35.566501,792.38,-0.00539279
2012,176,3,234.75,115.381816,35.565874,956.83,-0.00231603
2012,177,0,0.00,115.380199,35.566952,1569.81,-0.00000000
2012,177,1,90.00,115.379571,35.566324,1689.41,0.00078089
2012,177,2,180.00,115.378943,35.565696,1794.06,0.00189651
2012,177,3,269.99,115.378582,35.564990,1181.09,0.00140304
2012,177,4,359.99,115.378313,35.564257,837.23,0.00057485
2012,179,0,0.00,115.378313,35.564257,807.33,0.00567840
2012,179,1,91.88,115.379013,35.563718,762.48,0.00744447
2012,179,2,183.77,115.379892,35.563950,1196.04,0.00609026
2012,179,3,275.65,115.380533,35.564592,1794.06,0.00148499
2012,179,4,367.54,115.381175,35.565233,1794.06,-0.00000000
2012,179,5,459.42,115.381816,35.565874,1764.16,-0.00000000
2012,18,0,0.00,115.234402,35.420347,478.42,0.00151393
2012,18,1,93.03,115.233556,35.420040,403.66,0.00060967
2012,18,2,186.06,115.232822,35.419539,299.01,-0.00017810
2012,18,3,279.09,115.231953,35.419269,239.21,0.00014730
2012,18,4,372.12,115.231214,35.418776,313.96,-0.00069654
2012,18,5,465.15,115.230372,35.418461,299.01,-0.00105379
2012,18,6,558.18,115.229504,35.418191,328.91,-0.00120119
2012,18,7,651.21,115.228636,35.417922,418.61,-0.00194764
2012,18,8,744.24,115.227611,35.417922,418.61,-0.00092560
2012,18,9,837.28,115.226587,35.417922,568.12,0.00000000
2012,181,0,0.00,115.381816,35.565874,822.28,0.00000000
2012,181,1,73.01,115.382465,35.565605,792.38,-0.00223335
2012,181,2,146.02,115.383114,35.565335,837.23,-0.00445141
2012,181,3,219.03,115.383433,35.564796,986.73,-0.00443611
2012,182,0,0.00,115.383433,35.564796,897.03,-0.00224027
2012,182,1,99.69,115.384533,35.564796,837.23,-0.00260561
2012,182,2,199.39,115.385418,35.564428,837.23,-0.00172753
2012,182,3,299.08,115.386263,35.563988,837.23,0.00004665
2012,182,4,398.77,115.387107,35.563548,807.33,0.00057967
2012,182,5,498.46,115.388001,35.563193,807.33,-0.00009323
2012,182,6,598.16,115.388894,35.562838,822.28,0.00058092
2012,182,7,697.85,115.389723,35.562371,777.43,0.00184940
2012,182,8,797.54,115.390781,35.562299,732.58,0.00110677
2012,182,9,897.23,115.391766,35.562101,747.53,0.00080280
2012,182,10,996.93,115.392865,35.562101,687.72,0.00116062
2012,183,0,0.00,115.383433,35.564796,1794.06,0.00000000
2012,183,1,97.47,115.382753,35.564116,1734.26,0.00107190
2012,183,2,194.95,115.382072,35.563436,1719.31,0.00217148
2012,183,3,292.42,115.381816,35.562632,1151.19,0.00106448
2012,183,4,389.89,115.381546,35.561832,777.43,-0.00007021
2012,184,0,0.00,115.392865,35.562101,1270.79,0.00238229
2012,184,1,94.40,115.393107,35.561321,1031.59,0.00119115
2012,184,2,188.80,115.393766,35.560662,702.67,-0.00129260
2012,184,3,283.20,115.394007,35.559881,538.22,-0.00196236
2012,184,4,377.60,115.394213,35.559091,179.41,-0.00203618
2012,184,5,472.00,115.394213,35.558240,89.70,-0.00264505
2012,184,6,566.40,115.393903,35.557479,448.52,-0.00518096
2012,184,7,660.80,115.393453,35.556760,612.97,-0.00783615
2012,184,8,755.20,115.392596,35.556981,657.82,-0.00786767
2012,185,0,0.00,115.392865,35.562101,1136.24,-0.00106368
2012,185,1,92.17,115.393607,35.562574,867.13,-0.00066425
2012,185,2,184.33,115.394429,35.562910,642.87,-0.00000000
2012,185,3,276.50,115.395191,35.563349,478.42,-0.00068035
2012,185,4,368.67,115.395993,35.563718,358.81,0.00045487
2012,185,5,460.83,115.396873,35.563953,313.96,0.00462635
2012,185,6,553.00,115.397447,35.564617,179.41,0.00425666
2012,185,7,645.17,115.397447,35.565448,313.96,0.00164782
2012,185,8,737.33,115.397716,35.566200,328.91,0.00229489
2012,185,9,829.50,115.397447,35.566952,403.66,0.00309001
2012,186,0,0.00,115.392596,35.556981,672.77,0.00000000
2012,186,1,48.87,115.392057,35.556981,672.77,0.00000000
2012,186,2,97.74,115.391518,35.556981,672.77,0.00000000
2012,187,0,0.00,115.392596,35.556981,523.27,0.00000000
2012,187,1,19.31,115.392730,35.557116,508.32,0.00000000
2012,187,2,38.61,115.392865,35.557250,538.22,0.00000000
2012,188,0,0.00,115.397447,35.566952,418.61,0.00189382
2012,188,1,75.91,115.396818,35.566593,343.86,0.00000000
2012,188,2,151.83,115.396288,35.566063,388.71,-0.00294164
2012,188,3,227.74,115.395560,35.565874,358.81,-0.00398946
2012,189,0,0.00,115.397447,35.566952,343.86,0.00000000
2012,189,1,94.77,115.397716,35.567728,343.86,0.00075076
2012,189,2,189.55,115.397986,35.568503,358.81,0.00086140
2012,189,3,284.32,115.397986,35.569358,373.76,-0.00056372
2012,189,4,379.09,115.398214,35.570145,418.61,-0.00022228
2012,189,5,473.86,115.398458,35.570928,448.52,-0.00037495
2012,189,6,568.64,115.398525,35.571763,493.37,-0.00063912
2012,189,7,663.41,115.399064,35.572460,493.37,0.00093867
2012,189,8,758.18,115.399064,35.573315,478.42,0.00075076
2012,189,9,852.95,115.399333,35.574090,493.37,-0.00075076
2012,189,10,947.73,115.399333,35.574944,523.27,-0.00151579
2012,189,11,1042.50,115.399872,35.575642,538.22,-0.00000000
2012,189,12,1137.27,115.400142,35.576417,523.27,0.00076503
2012,189,13,1232.04,115.400411,35.577193,463.47,-0.00000000
2012,19,0,0.00,115.234402,35.420347,1614.66,-0.00266088
2012,19,1,89.58,115.235027,35.419722,1539.90,-0.00138157
2012,19,2,179.16,115.235211,35.418969,418.61,0.00149324
2012,19,3,268.74,115.235750,35.418461,403.66,0.00308874
2012,190,0,0.00,115.400411,35.577193,523.27,0.00000000
2012,190,1,81.23,115.400411,35.577925,478.42,-0.00010784
2012,190,2,162.45,115.400411,35.578657,493.37,-0.00096993
2012,190,3,243.68,115.400442,35.579380,493.37,-0.00177150
2012,190,4,324.90,115.400681,35.580043,493.37,-0.00103013
2012,190,5,406.13,115.400950,35.580696,478.42,-0.00024143
2012,191,0,0.00,115.400411,35.577193,1794.06,0.00240119
2012,191,1,86.15,115.401205,35.576923,1794.06,0.00228523
2012,191,2,172.31,115.402156,35.576923,1315.65,0.00108464
2012,191,3,258.46,115.403106,35.576923,732.58,0.00000000
2012,192,0,0.00,115.400950,35.580696,1794.06,0.00000000
2012,192,1,81.42,115.401848,35.580696,1794.06,0.00000000
2012,192,2,162.84,115.402747,35.580696,1315.65,0.00000000
2012,192,3,244.27,115.403645,35.580696,702.67,0.00000000
2012,193,0,0.00,115.400950,35.580696,508.32,-0.00540304
2012,193,1,49.21,115.400950,35.581140,508.32,-0.00551511
2012,193,2,98.41,115.401220,35.581505,553.17,-0.00562718
2012,194,0,0.00,115.401220,35.581505,1794.06,0.00000000
2012,194,1,73.28,115.402028,35.581505,1794.06,0.00000000
2012,194,2,146.56,115.402837,35.581505,1405.35,0.00000000
2012,194,3,219.84,115.403645,35.581505,792.38,0.00000000
2012,195,0,0.00,115.401220,35.581505,463.47,-0.00142089
2012,195,1,97.34,115.400950,35.582304,478.42,-0.00205199
2012,195,2,194.67,115.400950,35.583181,463.47,-0.00157967
2012,195,3,292.01,115.401220,35.583980,463.47,-0.00071044
2012,195,4,389.34,115.401311,35.584830,463.47,-0.00022784
2012,195,5,486.68,115.401759,35.585577,448.52,0.00106415
2012,195,6,584.02,115.401759,35.586455,478.42,0.00046597
2012,195,7,681.35,115.401888,35.587294,463.47,-0.00002417
2012,195,8,778.69,115.402028,35.588131,478.42,0.00000000
2012,195,9,876.02,115.402028,35.589008,478.42,-0.00103999
2012,195,10,973.36,115.402298,35.589807,478.42,-0.00000000
2012,195,11,1070.70,115.402567,35.590606,478.42,0.00071614
2012,195,12,1168.03,115.402567,35.591483,433.57,0.00000000
2012,195,13,1265.37,115.402834,35.592282,433.57,0.00065980
2012,195,14,1362.70,115.402837,35.593159,478.42,-0.00000000
2012,195,15,1460.04,115.402837,35.594036,433.57,-0.00066549
2012,195,16,1557.38,115.403106,35.594835,433.57,-0.00000000
2012,195,17,1654.71,115.403106,35.595712,433.57,-0.00000000
2012,195,18,1752.05,115.403376,35.596511,448.52,0.00005207
2012,195,19,1849.38,115.403376,35.597389,418.61,0.00000000
2012,195,20,1946.72,115.403625,35.598193,403.66,0.00035950
2012,195,21,2044.06,115.403645,35.599065,418.61,0.00000000
2012,195,22,2141.39,115.403731,35.599917,433.57,-0.00089156
2012,195,23,2238.73,115.403915,35.600741,448.52,-0.00000000
2012,195,24,2336.06,115.404184,35.601540,433.57,0.00047999
2012,195,25,2433.40,115.404184,35.602417,448.52,-0.00000000
2012,195,26,2530.74,115.404454,35.603216,433.57,-0.00071044
2012,195,27,2628.07,115.404454,35.604093,448.52,-0.00071044
2012,195,28,2725.41,115.404992,35.604813,448.52,0.00138122
2012,195,29,2822.74,115.404992,35.605691,418.61,0.00138122
2012,195,30,2920.08,115.404992,35.606568,403.66,0.00000000
2012,196,0,0.00,115.404992,35.606568,657.82,-0.00000000
2012,196,1,57.91,115.404588,35.606972,642.87,-0.00000000
2012,196,2,115.81,115.404184,35.607376,612.97,-0.00000000
2012,197,0,0.00,115.404992,35.606568,418.61,-0.00000000
2012,197,1,95.30,115.405262,35.607348,388.71,0.00074185
2012,197,2,190.59,115.405531,35.608129,418.61,0.00074185
2012,197,3,285.89,115.405531,35.608988,388.71,0.00000000
2012,197,4,381.19,115.405801,35.609768,418.61,0.00000000
2012,197,5,476.49,115.405801,35.610627,403.66,-0.00074185
2012,197,6,571.78,115.406070,35.611408,388.71,-0.00059644
2012,197,7,667.08,115.406340,35.612188,418.61,0.00074185
2012,197,8,762.38,115.406557,35.612984,403.66,0.00045559
2012,197,9,857.68,115.406609,35.613827,463.47,-0.00074185
2012,197,10,952.97,115.406879,35.614608,448.52,-0.00060100
2012,197,11,1048.27,115.407148,35.615388,448.52,0.00074185
2012,197,12,1143.57,115.407418,35.616169,448.52,0.00144198
2012,197,13,1238.87,115.407418,35.617028,403.66,0.00070013
2012,197,14,1334.16,115.407418,35.617887,433.57,0.00000000
2012,198,0,0.00,115.407418,35.617887,493.37,0.00321042
2012,198,1,97.07,115.407957,35.618463,418.61,0.00268433
2012,198,2,194.14,115.408037,35.619315,433.57,0.00058096
2012,198,3,291.21,115.408226,35.620134,418.61,-0.00029661
2012,198,4,388.28,115.408496,35.620931,418.61,0.00049816
2012,198,5,485.35,115.408609,35.621773,418.61,0.00058608
2012,198,6,582.42,115.408765,35.622602,448.52,0.00016109
2012,198,7,679.49,115.408765,35.623477,448.52,-0.00028946
2012,198,8,776.56,115.408972,35.624292,448.52,0.00026179
2012,198,9,873.64,115.409035,35.625148,463.47,0.00000000
2012,198,10,970.71,115.409075,35.626012,523.27,-0.00031918
2012,198,11,1067.78,115.409304,35.626820,418.61,0.00067423
2012,198,12,1164.85,115.409304,35.627695,493.37,0.00011241
2012,198,13,1261.92,115.409304,35.628570,463.47,-0.00067423
2012,198,14,1358.99,115.409490,35.629391,508.32,-0.00043617
2012,198,15,1456.06,115.409574,35.630241,508.32,0.00000000
2012,198,16,1553.13,115.409843,35.631037,538.22,0.00022006
2012,198,17,1650.20,115.409843,35.631912,553.17,-0.00071412
2012,198,18,1747.27,115.410113,35.632709,583.07,-0.00142824
2012,199,0,0.00,115.407418,35.617887,687.72,-0.00000000
2012,199,1,77.21,115.406879,35.618426,642.87,-0.00000000
2012,199,2,154.41,115.406340,35.618965,717.63,-0.00000000
2012,2,0,0.00,115.238714,35.427084,882.08,-0.00270578
2012,2,1,98.44,115.238984,35.426276,598.02,-0.00270578
2012,2,2,196.88,115.238714,35.425467,627.92,-0.00270578
2012,20,0,0.00,115.256231,35.440559,598.02,-0.00108857
2012,20,1,97.21,115.256701,35.441298,583.07,-0.00054429
2012,20,2,194.41,115.257379,35.441976,598.02,0.00054429
2012,20,3,291.62,115.257848,35.442715,568.12,0.00108857
2012,200,0,0.00,115.410113,35.632709,1794.06,0.00280202
2012,200,1,89.38,115.411034,35.632822,1210.99,0.00283283
2012,200,2,178.76,115.411757,35.633275,867.13,0.00143181
2012,200,3,268.13,115.412480,35.633729,897.03,0.00217735
2012,200,4,357.51,115.413203,35.634182,687.72,0.00550763
2012,200,5,446.89,115.413347,35.634946,493.37,0.00458853
2012,200,6,536.27,115.413077,35.635673,627.92,0.00251650
2012,201,0,0.00,115.410113,35.632709,642.87,-0.00180633
2012,201,1,86.58,115.409843,35.633411,627.92,-0.00175417
2012,201,2,173.15,115.409843,35.634191,627.92,-0.00170201
2012,201,3,259.73,115.409843,35.634971,598.02,-0.00175417
2012,201,4,346.31,115.410113,35.635673,493.37,-0.00180633
2012,202,0,0.00,115.413077,35.635673,822.28,0.00000000
2012,202,1,89.50,115.412089,35.635673,1794.06,0.00000000
2012,202,2,179.01,115.411101,35.635673,1794.06,-0.00000000
2012,202,3,268.51,115.410113,35.635673,1794.06,0.00000000
2012,203,0,0.00,115.413077,35.635673,598.02,0.00508641
2012,203,1,94.23,115.413347,35.636444,583.07,0.00447827
2012,203,2,188.47,115.412718,35.637111,702.67,0.00143509
2012,203,3,282.70,115.412269,35.637829,657.82,-0.00099996
2012,204,0,0.00,115.410113,35.635673,583.07,0.00000000
2012,204,1,81.22,115.410113,35.636405,583.07,0.00000000
2012,204,2,162.44,115.410113,35.637137,583.07,-0.00000000
2012,204,3,243.67,115.410113,35.637869,627.92,-0.00199860
2012,204,4,324.89,115.410113,35.638601,612.97,-0.00401956
2012,204,5,406.11,115.410652,35.639177,687.72,-0.00404191
2012,205,0,0.00,115.412269,35.637829,1794.06,0.00000000
2012,205,1,85.43,115.413212,35.637829,1046.54,0.00000000
2012,205,2,170.86,115.414155,35.637829,792.38,0.00000000
2012,206,0,0.00,115.412269,35.637829,867.13,-0.00000000
2012,206,1,72.47,115.411763,35.638335,837.23,0.00095344
2012,206,2,144.94,115.411257,35.638841,1285.75,0.00199701
2012,206,3,217.40,115.410652,35.639177,1435.25,0.00208715
2012,208,0,0.00,115.410652,35.639177,598.02,0.00217304
2012,208,1,79.10,115.410921,35.639811,627.92,0.00210947
2012,208,2,158.20,115.410921,35.640524,642.87,0.00000000
2012,208,3,237.30,115.410921,35.641237,642.87,-0.00210947
2012,208,4,316.41,115.411191,35.641872,657.82,-0.00217304
2012,209,0,0.00,115.411191,35.641872,1794.06,-0.01147829
2012,209,1,31.50,115.411510,35.641822,1629.61,-0.01108180
2012,209,2,63.01,115.411730,35.641602,1151.19,-0.01068531
2012,21,0,0.00,115.256231,35.440559,1794.06,-0.00000000
2012,21,1,93.59,115.256884,35.439906,1794.06,0.00117632
2012,21,2,187.17,115.257537,35.439254,1330.60,0.00248010
2012,21,3,280.76,115.258387,35.438942,837.23,0.00260756
2012,210,0,0.00,115.411191,35.641872,702.67,-0.00157497
2012,210,1,89.93,115.411191,35.642682,672.77,-0.00078749
2012,210,2,179.86,115.411460,35.643414,807.33,0.00078749
2012,210,3,269.79,115.411460,35.644225,852.18,0.00033914
2012,210,4,359.72,115.411460,35.645035,822.28,-0.00183842
2012,210,5,449.66,115.411616,35.645801,837.23,-0.00476498
2012,210,6,539.59,115.412057,35.646453,956.83,-0.00590215
2012,210,7,629.52,115.412961,35.646606,1405.35,-0.00266778
2012,210,8,719.45,115.413886,35.646723,1046.54,-0.00028109
2012,211,0,0.00,115.411730,35.641602,1330.60,-0.00154993
2012,211,1,96.23,115.412636,35.641872,1390.40,0.00005204
2012,211,2,192.46,115.413668,35.641923,1121.29,0.00245482
2012,211,3,288.70,115.414439,35.642425,926.93,0.00215347
2012,211,4,384.93,115.415210,35.642926,777.43,0.00110873
2012,211,5,481.16,115.415772,35.643489,926.93,0.00116617
2012,212,0,0.00,115.411730,35.641602,1151.19,0.00000000
2012,212,1,92.02,115.412372,35.640960,1121.29,-0.00000000
2012,212,2,184.04,115.413015,35.640317,926.93,0.00049232
2012,212,3,276.06,115.413657,35.639675,971.78,0.00330080
2012,212,4,368.08,115.414384,35.639177,538.22,0.00768950
2012,212,5,460.10,115.415339,35.639282,762.48,0.00751513
2012,212,6,552.12,115.415772,35.639985,687.72,0.00526823
2012,213,0,0.00,115.413886,35.646723,867.13,-0.00082634
2012,213,1,83.70,115.413886,35.647477,867.13,-0.00315267
2012,213,2,167.40,115.414011,35.648195,822.28,-0.00515644
2012,213,3,251.11,115.414694,35.648609,852.18,-0.00483387
2012,214,0,0.00,115.413886,35.646723,1181.09,-0.00000000
2012,214,1,90.06,115.414515,35.646094,1181.09,-0.00000000
2012,214,2,180.12,115.415143,35.645465,1210.99,-0.00000000
2012,214,3,270.18,115.415772,35.644836,1151.19,0.00000000
2012,215,0,0.00,115.415772,35.643489,822.28,0.00000000
2012,215,1,74.75,115.415772,35.644162,822.28,0.00000000
2012,215,2,149.51,115.415772,35.644836,867.13,0.00000000
2012,216,0,0.00,115.415772,35.643489,1061.49,-0.00367190
2012,216,1,85.53,115.416311,35.642874,852.18,-0.00363392
2012,216,2,171.07,115.416311,35.642104,702.67,-0.00179797
2012,216,3,256.60,115.416311,35.641333,672.77,0.00000000
2012,217,0,0.00,115.414694,35.648609,747.53,-0.00000000
2012,217,1,99.97,115.414964,35.649432,657.82,-0.00000000
2012,217,2,199.95,115.415233,35.650254,642.87,-0.00064424
2012,217,3,299.92,115.415503,35.651077,598.02,-0.00136299
2012,217,4,399.90,115.416025,35.651826,493.37,-0.00098481
2012,217,5,499.87,115.416581,35.652566,448.52,-0.00010534
2012,217,6,599.85,115.417212,35.653283,388.71,-0.00048783
2012,217,7,699.82,115.417702,35.654042,313.96,-0.00173866
2012,217,8,799.79,115.418499,35.654570,239.21,-0.00105362
2012,217,9,899.77,115.419308,35.655077,239.21,-0.00075144
2012,217,10,999.74,115.420099,35.655616,239.21,-0.00221871
2012,217,11,1099.72,115.421046,35.655885,239.21,-0.00179283
2012,217,12,1199.69,115.422084,35.655999,224.26,-0.00070948
2012,217,13,1299.66,115.423097,35.656155,209.31,0.00000000
2012,217,14,1399.64,115.424201,35.656155,239.21,0.00083405
2012,217,15,1499.61,115.425149,35.656424,299.01,-0.00000000
2012,217,16,1599.59,115.426165,35.656576,388.71,-0.00094721
2012,217,17,1699.56,115.427200,35.656694,418.61,-0.00079821
2012,217,18,1799.54,115.428304,35.656694,448.52,-0.00033762
2012,217,19,1899.51,115.429408,35.656694,478.42,0.00079821
2012,217,20,1999.48,115.430512,35.656694,538.22,0.00079821
2012,217,21,2099.46,115.431459,35.656963,538.22,-0.00079821
2012,217,22,2199.43,115.432563,35.656963,568.12,-0.00000000
2012,217,23,2299.41,115.433667,35.656963,538.22,0.00079821
2012,217,24,2399.38,115.434615,35.657233,538.22,-0.00074538
2012,217,25,2499.35,115.435719,35.657233,568.12,0.00000000
2012,217,26,2599.33,115.436812,35.657252,568.12,0.00068623
2012,217,27,2699.30,115.437770,35.657502,568.12,-0.00079821
2012,217,28,2799.28,115.438874,35.657502,568.12,-0.00073905
2012,217,29,2899.25,115.439978,35.657502,568.12,0.00000000
2012,217,30,2999.23,115.441082,35.657502,538.22,0.00000000
2012,217,31,3099.20,115.442186,35.657502,508.32,0.00009857
2012,217,32,3199.17,115.443290,35.657502,538.22,0.00045227
2012,217,33,3299.15,115.444374,35.657538,523.27,0.00049875
2012,217,34,3399.12,115.445270,35.657649,508.32,-0.00006973
2012,217,35,3499.10,115.446166,35.657713,493.37,0.00038689
2012,217,36,3599.07,115.447236,35.657772,478.42,0.00061213
2012,217,37,3699.04,115.448184,35.658041,388.71,-0.00018601
2012,217,38,3799.02,115.449252,35.658103,343.86,0.00047544
2012,217,39,3898.99,115.450235,35.658311,299.01,0.00082735
2012,217,40,3998.97,115.451182,35.658580,239.21,0.00045154
2012,217,41,4098.94,115.452139,35.658834,239.21,0.00178255
2012,217,42,4198.92,115.453035,35.659192,209.31,0.00148647
2012,217,43,4298.89,115.453733,35.659890,149.51,0.00048707
2012,217,44,4398.86,115.454629,35.660247,194.36,0.00202505
2012,217,45,4498.84,115.455118,35.661006,373.76,0.00307596
2012,218,0,0.00,115.414694,35.648609,1210.99,-0.00000000
2012,218,1,85.33,115.415290,35.648013,1151.19,0.00068212
2012,218,2,170.66,115.415886,35.647417,1136.24,0.00142236
2012,218,3,255.99,115.416581,35.646992,1076.44,0.00148047
2012,219,0,0.00,115.415772,35.644836,1151.19,0.00000000
2012,219,1,85.42,115.416716,35.644836,1181.09,0.00000000
2012,219,2,170.85,115.417659,35.644836,807.33,0.00000000
2012,22,0,0.00,115.226587,35.417922,1285.75,0.00379011
2012,22,1,83.49,115.226318,35.417248,1181.09,0.00379011
2012,22,2,166.98,115.226587,35.416574,702.67,0.00379011
2012,220,0,0.00,115.455118,35.661006,299.01,0.00039200
2012,220,1,97.41,115.455898,35.661516,373.76,0.00056064
2012,220,2,194.82,115.456643,35.662084,403.66,0.00000000
2012,220,3,292.23,115.457357,35.662706,418.61,-0.00064413
2012,220,4,389.64,115.458168,35.663162,463.47,-0.00001547
2012,220,5,487.05,115.458930,35.663701,493.37,0.00016634
2012,220,6,584.46,115.459695,35.664235,478.42,-0.00077162
2012,220,7,681.87,115.460475,35.664745,493.37,-0.00067395
2012,220,8,779.28,115.461353,35.665084,553.17,0.00115173
2012,220,9,876.69,115.462132,35.665594,538.22,0.00076397
2012,220,10,974.10,115.462812,35.666274,553.17,-0.00056064
2012,220,11,1071.51,115.463661,35.666665,568.12,0.00022252
2012,220,12,1168.92,115.464371,35.667294,568.12,-0.00000000
2012,220,13,1266.33,115.465150,35.667804,627.92,0.00016524
2012,220,14,1363.74,115.465930,35.668314,612.97,0.00056064
2012,220,15,1461.14,115.466610,35.668994,642.87,-0.00095472
2012,220,16,1558.55,115.467389,35.669504,627.92,-0.00085307
2012,220,17,1655.96,115.468235,35.669899,627.92,0.00059008
2012,220,18,1753.37,115.468997,35.670438,657.82,-0.00000020
2012,220,19,1850.78,115.469760,35.670977,627.92,-0.00093155
2012,220,20,1948.19,115.470606,35.671372,657.82,0.00029263
2012,220,21,2045.60,115.471441,35.671786,627.92,0.00211534
2012,220,22,2143.01,115.472164,35.672392,657.82,0.00213604
2012,220,23,2240.42,115.472636,35.673133,672.77,0.00151249
2012,221,0,0.00,115.455118,35.661006,1554.85,0.00564992
2012,221,1,94.49,115.454388,35.661545,538.22,0.00577701
2012,221,2,188.99,115.453502,35.661275,179.41,0.00590409
2012,222,0,0.00,115.472636,35.673133,687.72,0.00120295
2012,222,1,96.42,115.473606,35.673295,642.87,0.00184129
2012,222,2,192.84,115.474478,35.673628,612.97,0.00184370
2012,222,3,289.26,115.475250,35.674131,583.07,0.00060389
2012,222,4,385.67,115.476023,35.674634,568.12,0.00000000
2012,222,5,482.09,115.476795,35.675137,568.12,0.00000000
2012,222,6,578.51,115.477568,35.675640,583.07,-0.00060389
2012,222,7,674.93,115.478340,35.676142,583.07,-0.00060389
2012,222,8,771.35,115.479212,35.676475,612.97,0.00060389
2012,222,9,867.77,115.479984,35.676978,598.02,0.00060389
2012,222,10,964.18,115.480757,35.677481,568.12,0.00000000
2012,222,11,1060.60,115.481529,35.677984,568.12,0.00000000
2012,222,12,1157.02,115.482301,35.678487,598.02,-0.00057139
2012,222,13,1253.44,115.483074,35.678990,598.02,-0.00044192
2012,222,14,1349.86,115.483940,35.679331,598.02,0.00054012
2012,222,15,1446.28,115.484692,35.679870,568.12,0.00028471
2012,222,16,1542.69,115.485490,35.680328,583.07,-0.00057261
2012,222,17,1639.11,115.486263,35.680831,583.07,-0.00109995
2012,222,18,1735.53,115.487134,35.681164,583.07,-0.00062033
2012,222,19,1831.95,115.488011,35.681487,538.22,0.00055551
2012,222,20,1928.37,115.488877,35.681829,568.12,0.00122422
2012,222,21,2024.79,115.489671,35.682296,568.12,0.00094850
2012,222,22,2121.20,115.490422,35.682835,583.07,0.00049371
2012,223,0,0.00,115.472636,35.673133,1794.06,-0.00115134
2012,223,1,92.14,115.471992,35.673776,1794.06,-0.00118218
2012,223,2,184.27,115.471558,35.674480,882.08,-0.00121302
2012,224,0,0.00,115.490422,35.682835,583.07,0.00102914
2012,224,1,97.77,115.491346,35.683104,583.07,0.00137024
2012,224,2,195.54,115.492184,35.683519,568.12,0.00087525
2012,224,3,293.31,115.492966,35.684031,568.12,0.00011092
2012,224,4,391.08,115.493802,35.684452,538.22,0.00004766
2012,224,5,488.85,115.494568,35.684991,553.17,-0.00013529
2012,224,6,586.62,115.495411,35.685398,568.12,-0.00002335
2012,224,7,684.39,115.496193,35.685911,568.12,-0.00022842
2012,224,8,782.16,115.497025,35.686338,568.12,-0.00059752
2012,224,9,879.93,115.497856,35.686765,568.12,-0.00000000
2012,224,10,977.70,115.498737,35.687107,583.07,0.00088729
2012,224,11,1075.47,115.499519,35.687620,583.07,0.00058644
2012,224,12,1173.24,115.500301,35.688132,568.12,-0.00058644
2012,224,13,1271.01,115.501083,35.688645,553.17,-0.00058644
2012,224,14,1368.78,115.501964,35.688987,568.12,-0.00000000
2012,224,15,1466.55,115.502746,35.689499,523.27,-0.00179647
2012,224,16,1564.32,115.503627,35.689841,508.32,-0.00179273
2012,224,17,1662.09,115.504707,35.689842,508.32,0.00163449
2012,224,18,1759.86,115.505588,35.690185,508.32,0.00136970
2012,224,19,1857.63,115.506397,35.690650,478.42,-0.00147077
2012,224,20,1955.40,115.507320,35.690920,448.52,-0.00035972
2012,224,21,2053.17,115.508330,35.691041,478.42,0.00198792
2012,224,22,2150.94,115.509112,35.691553,493.37,0.00078275
2012,224,23,2248.71,115.509934,35.691998,508.32,-0.00011813
2012,224,24,2346.48,115.510775,35.692408,508.32,0.00028809
2012,224,25,2444.25,115.511557,35.692920,478.42,0.00014229
2012,224,26,2542.02,115.512390,35.693345,478.42,0.00001625
2012,224,27,2639.79,115.513156,35.693884,418.61,-0.00016669
2012,224,28,2737.56,115.514002,35.694287,448.52,0.00000803
2012,224,29,2835.33,115.514784,35.694800,478.42,0.00019081
2012,224,30,2933.10,115.515613,35.695232,478.42,0.00054134
2012,224,31,3030.87,115.516379,35.695771,493.37,0.00036295
2012,224,32,3128.64,115.517130,35.696337,493.37,0.00028896
2012,224,33,3226.41,115.517912,35.696849,493.37,0.00037629
2012,224,34,3324.18,115.518594,35.697532,493.37,0.00034625
2012,224,35,3421.95,115.519376,35.698045,448.52,0.00051635
2012,224,36,3519.72,115.519881,35.698735,433.57,-0.00072533
2012,224,37,3617.49,115.520632,35.699301,403.66,-0.00107258
2012,224,38,3715.26,115.521414,35.699813,448.52,-0.00035428
2012,225,0,0.00,115.490422,35.682835,1794.06,-0.00000000
2012,225,1,78.93,115.489871,35.683386,1794.06,-0.00117294
2012,225,2,157.87,115.489320,35.683937,1794.06,-0.00087842
2012,225,3,236.80,115.489075,35.684578,1794.06,0.00200979
2012,225,4,315.74,115.488536,35.684991,747.53,0.00343055
2012,226,0,0.00,115.521414,35.699813,478.42,-0.00213572
2012,226,1,97.99,115.521472,35.700679,313.96,-0.00162145
2012,226,2,195.97,115.521948,35.701424,284.06,0.00054435
2012,226,3,293.96,115.522214,35.702230,209.31,0.00121709
2012,226,4,391.95,115.522272,35.703096,209.31,0.00026524
2012,226,5,489.94,115.522492,35.703916,239.21,0.00028969
2012,226,6,587.92,115.522492,35.704799,284.06,-0.00082435
2012,226,7,685.91,115.522655,35.705635,254.16,-0.00054302
2012,226,8,783.90,115.523031,35.706408,284.06,0.00136025
2012,226,9,881.89,115.523031,35.707292,269.11,0.00108681
2012,226,10,979.87,115.523031,35.708175,269.11,0.00066069
2012,226,11,1077.86,115.522967,35.709039,313.96,0.00104123
2012,226,12,1175.85,115.522762,35.709863,284.06,0.00000000
2012,226,13,1273.84,115.522492,35.710668,299.01,-0.00053204
2012,226,14,1371.82,115.522492,35.711551,254.16,-0.00000000
2012,226,15,1469.81,115.522223,35.712356,269.11,-0.00010273
2012,226,16,1567.80,115.522223,35.713239,284.06,0.00004364
2012,226,17,1665.79,115.521994,35.714055,299.01,0.00024319
2012,226,18,1763.77,115.521936,35.714922,343.86,0.00132478
2012,226,19,1861.76,115.521669,35.715728,373.76,0.00052118
2012,226,20,1959.75,115.521145,35.716458,358.81,-0.00136842
2012,226,21,2057.74,115.521145,35.717341,373.76,0.00003793
2012,226,22,2155.72,115.520875,35.718146,343.86,0.00125427
2012,226,23,2253.71,115.520606,35.718951,388.71,-0.00000000
2012,226,24,2351.70,115.520127,35.719695,388.71,-0.00110047
2012,226,25,2449.69,115.520067,35.720561,388.71,0.00000000
2012,226,26,2547.67,115.519797,35.721366,343.86,0.00051729
2012,226,27,2645.66,115.519528,35.722171,388.71,0.00097107
2012,226,28,2743.65,115.519269,35.722979,478.42,0.00271998
2012,226,29,2841.63,115.518694,35.723553,538.22,0.00222724
2012,226,30,2939.62,115.517911,35.724067,612.97,0.00101362
2012,227,0,0.00,115.521414,35.699813,807.33,0.00172334
2012,227,1,77.68,115.521748,35.699210,1076.44,0.00340389
2012,227,2,155.35,115.522290,35.698667,792.38,0.00444605
2012,227,3,233.03,115.523031,35.698465,,0.00380767
2012,228,0,0.00,115.521414,35.699813,1076.44,0.00251092
2012,228,1,80.27,115.522301,35.699813,612.97,0.00264717
2012,228,2,160.54,115.523031,35.700082,448.52,0.00278342
2012,229,0,0.00,115.517911,35.724067,568.12,0.00117587
2012,229,1,99.96,115.517641,35.724890,538.22,0.00114340
2012,229,2,199.93,115.517141,35.725646,538.22,-0.00049003
2012,229,3,299.89,115.516651,35.726405,523.27,-0.00055546
2012,229,4,399.85,115.516563,35.727280,478.42,0.00097659
2012,229,5,499.82,115.515882,35.727983,508.32,-0.00053202
2012,229,6,599.78,115.515601,35.728803,493.37,-0.00146080
2012,229,7,699.74,115.515321,35.729622,418.61,-0.00000000
2012,229,8,799.71,115.515216,35.730493,418.61,0.00038631
2012,229,9,899.67,115.514759,35.731261,388.71,-0.00052425
2012,229,10,999.63,115.514677,35.732138,388.71,0.00000000
2012,229,11,1099.59,115.514407,35.732961,388.71,0.00093668
2012,23,0,0.00,115.226587,35.417922,553.17,0.00000000
2012,23,1,38.64,115.226318,35.418191,553.17,0.00000000
2012,23,2,77.28,115.226048,35.418461,598.02,0.00000000
2012,230,0,0.00,115.517911,35.724067,897.03,0.00174049
2012,230,1,71.38,115.517412,35.723569,762.48,0.00199201
2012,230,2,142.76,115.517102,35.723016,672.77,0.00132360
2012,230,3,214.13,115.516833,35.722451,508.32,0.00040367
2012,231,0,0.00,115.514407,35.732961,523.27,0.00137429
2012,231,1,99.07,115.514946,35.733697,433.57,0.00096417
2012,231,2,198.14,115.515216,35.734512,373.76,0.00026457
2012,231,3,297.21,115.515648,35.735279,269.11,-0.00081923
2012,231,4,396.28,115.515922,35.736093,209.31,-0.00273196
2012,231,5,495.35,115.516644,35.736734,179.41,-0.00232226
2012,231,6,594.42,115.517505,35.737136,179.41,-0.00125174
2012,231,7,693.49,115.518296,35.737658,239.21,-0.00171806
2012,231,8,792.56,115.519302,35.737812,284.06,0.00018974
2012,231,9,891.63,115.520240,35.738081,299.01,0.00074727
2012,231,10,990.70,115.521066,35.738542,343.86,-0.00009486
2012,231,11,1089.77,115.522056,35.738723,343.86,0.00114133
2012,231,12,1188.84,115.522847,35.739245,403.66,0.00006865
2012,231,13,1287.91,115.523679,35.739698,418.61,-0.00186322
2012,231,14,1386.98,115.524617,35.739968,433.57,-0.00153080
2012,231,15,1486.05,115.525618,35.740129,448.52,-0.00102829
2012,231,16,1585.12,115.526650,35.740237,448.52,-0.00081333
2012,231,17,1684.19,115.527745,35.740237,388.71,-0.00031431
2012,231,18,1783.26,115.528840,35.740237,358.81,0.00081333
2012,231,19,1882.33,115.529936,35.740237,358.81,0.00081333
2012,231,20,1981.40,115.530874,35.740507,358.81,-0.00081333
2012,231,21,2080.47,115.531969,35.740507,388.71,-0.00015601
2012,231,22,2179.54,115.533064,35.740507,418.61,0.00081333
2012,231,23,2278.61,115.534031,35.740727,403.66,-0.00133325
2012,231,24,2377.68,115.535098,35.740776,418.61,-0.00162666
2012,231,25,2476.75,115.536036,35.740507,418.61,0.00067593
2012,231,26,2575.82,115.537131,35.740507,448.52,0.00081333
2012,231,27,2674.89,115.538226,35.740507,418.61,0.00000000
2012,231,28,2773.96,115.539321,35.740507,418.61,-0.00081333
2012,231,29,2873.03,115.540417,35.740507,448.52,-0.00081333
2012,231,30,2972.10,115.541355,35.740237,448.52,0.00024782
2012,231,31,3071.17,115.542450,35.740237,448.52,0.00000000
2012,231,32,3170.24,115.543434,35.740046,463.47,0.00033835
2012,231,33,3269.31,115.544483,35.739968,508.32,0.00081333
2012,231,34,3368.38,115.545578,35.739968,478.42,-0.00016787
2012,231,35,3467.45,115.546674,35.739968,493.37,-0.00081333
2012,231,36,3566.52,115.547690,35.739833,478.42,0.00000173
2012,231,37,3665.59,115.548707,35.739698,478.42,0.00009769
2012,231,38,3764.66,115.549802,35.739698,478.42,-0.00091266
2012,231,39,3863.73,115.550758,35.739459,493.37,-0.00019650
2012,231,40,3962.80,115.551748,35.739278,478.42,0.00019125
2012,231,41,4061.87,115.552774,35.739159,478.42,0.00009880
2012,231,42,4160.94,115.553727,35.738916,478.42,-0.00057311
2012,231,43,4260.01,115.554807,35.738890,478.42,-0.00089631
2012,231,44,4359.08,115.555607,35.738383,463.47,0.00159485
2012,231,45,4458.15,115.556684,35.738351,448.52,0.00170964
2012,231,46,4557.22,115.557779,35.738351,388.71,0.00009298
2012,231,47,4656.29,115.558874,35.738351,418.61,0.00000000
2012,232,0,0.00,115.514407,35.732961,612.97,-0.01069455
2012,232,1,31.48,115.514187,35.732741,1181.09,-0.01109237
2012,232,2,62.96,115.513868,35.732691,1210.99,-0.01149019
2012,233,0,0.00,115.558874,35.738351,762.48,0.00369042
2012,233,1,53.53,115.559039,35.737916,538.22,0.00358380
2012,233,2,107.06,115.559413,35.737542,299.01,0.00347717
2012,234,0,0.00,115.558874,35.738351,448.52,0.00011082
2012,234,1,75.82,115.559555,35.738620,328.91,0.00156061
2012,234,2,151.64,115.560231,35.738899,493.37,0.00281327
2012,234,3,227.46,115.560760,35.739429,807.33,0.00261613
2012,24,0,0.00,115.257848,35.442715,1614.66,0.00115609
2012,24,1,94.40,115.257399,35.443435,1435.25,0.00112697
2012,24,2,188.81,115.256740,35.444093,1345.55,0.00054893
2012,24,3,283.21,115.256082,35.444752,986.73,0.00000000
2012,24,4,377.62,115.255423,35.445410,807.33,0.00000000
2012,25,0,0.00,115.257848,35.442715,598.02,0.00000000
2012,25,1,38.64,115.258118,35.442985,627.92,0.00000000
2012,25,2,77.27,115.258387,35.443254,627.92,0.00000000
2012,26,0,0.00,115.257848,35.442715,1794.06,0.00000000
2012,26,1,99.17,115.258540,35.442023,1794.06,-0.00000000
2012,26,2,198.33,115.259232,35.441332,1659.51,0.00259235
2012,26,3,297.50,115.259924,35.440640,986.73,0.00574080
2012,26,4,396.66,115.260813,35.440829,882.08,0.00629691
2012,27,0,0.00,115.226587,35.416574,1031.59,0.00000000
2012,27,1,76.00,115.226057,35.416044,1001.69,-0.00280534
2012,27,2,152.00,115.225527,35.415514,717.63,-0.00564715
2012,27,3,227.99,115.224701,35.415496,433.57,-0.00568362
2012,28,0,0.00,115.226587,35.416574,1106.34,0.00203882
2012,28,1,70.20,115.227077,35.416085,1031.59,0.00213677
2012,28,2,140.40,115.227665,35.415766,508.32,0.00223472
2012,29,0,0.00,115.226048,35.418461,1614.66,0.00000000
2012,29,1,89.70,115.226048,35.419269,1794.06,0.00000000
2012,29,2,179.40,115.226048,35.420078,807.33,0.00000000
2012,3,0,0.00,115.241679,35.426545,672.77,0.00122630
2012,3,1,96.95,115.241409,35.425750,657.82,-0.00186015
2012,3,2,193.89,115.241369,35.424888,448.52,-0.00567427
2012,3,3,290.84,115.240434,35.424659,687.72,-0.00305770
2012,3,4,387.79,115.239523,35.424389,672.77,0.00028654
2012,30,0,0.00,115.226048,35.418461,493.37,-0.00195167
2012,30,1,95.11,115.225157,35.418191,568.12,-0.00245269
2012,30,2,190.21,115.224110,35.418191,418.61,-0.00176888
2012,30,3,285.32,115.223169,35.418375,403.66,-0.00059346
2012,30,4,380.43,115.222171,35.418461,478.42,-0.00097583
2012,30,5,475.53,115.221280,35.418730,493.37,-0.00067440
2012,30,6,570.64,115.220389,35.419000,538.22,0.00086057
2012,30,7,665.75,115.219497,35.419269,523.27,0.00097583
2012,30,8,760.86,115.218469,35.419302,508.32,-0.00073817
2012,30,9,855.96,115.217559,35.419539,553.17,-0.00104853
2012,30,10,951.07,115.216668,35.419808,553.17,-0.00012240
2012,30,11,1046.18,115.215788,35.420097,553.17,0.00014521
2012,30,12,1141.28,115.214885,35.420347,538.22,0.00097583
2012,30,13,1236.39,115.213994,35.420617,568.12,0.00090332
2012,30,14,1331.50,115.212947,35.420617,568.12,-0.00097583
2012,30,15,1426.60,115.212056,35.420886,598.02,0.00000000
2012,30,16,1521.71,115.211164,35.421156,598.02,0.00186028
2012,30,17,1616.82,115.210117,35.421156,598.02,0.00088444
2012,30,18,1711.93,115.209070,35.421156,598.02,0.00000000
2012,31,0,0.00,115.255423,35.445410,732.58,-0.00043921
2012,31,1,85.96,115.254725,35.444981,612.97,-0.00000000
2012,31,2,171.93,115.253998,35.444602,553.17,0.00115068
2012,31,3,257.89,115.253328,35.444123,553.17,0.00140272
2012,31,4,343.85,115.252728,35.443524,568.12,0.00094329
2012,32,0,0.00,115.255423,35.445410,657.82,-0.00586487
2012,32,1,95.62,115.256320,35.445680,837.23,-0.00610904
2012,32,2,191.24,115.257053,35.445127,1136.24,-0.00353472
2012,32,3,286.86,115.257720,35.444460,1524.95,-0.00035812
2012,32,4,382.49,115.258387,35.443793,1794.06,0.00000000
2012,33,0,0.00,115.258387,35.443254,747.53,0.00000000
2012,33,1,29.90,115.258387,35.443524,747.53,0.00000000
2012,33,2,59.80,115.258387,35.443793,762.48,0.00000000
2012,34,0,0.00,115.258387,35.443254,1794.06,-0.00000000
2012,34,1,86.93,115.258994,35.442648,1794.06,-0.00000000
2012,34,2,173.86,115.259600,35.442041,1794.06,0.00000000
2012,34,3,260.79,115.260207,35.441435,1255.84,-0.00000000
2012,34,4,347.72,115.260813,35.440829,583.07,-0.00000000
2012,35,0,0.00,115.260813,35.440829,822.28,0.00000000
2012,35,1,24.47,115.261082,35.440829,792.38,0.00000000
2012,35,2,48.94,115.261352,35.440829,762.48,0.00000000
2012,37,0,0.00,115.226048,35.420078,538.22,0.01144948
2012,37,1,31.56,115.226367,35.420127,538.22,0.01105620
2012,37,2,63.12,115.226587,35.420347,508.32,0.01066292
2012,38,0,0.00,115.226048,35.420078,672.77,0.01066292
2012,38,1,31.56,115.225828,35.420298,433.57,0.01105621
2012,38,2,63.12,115.225509,35.420347,403.66,0.01144949
2012,39,0,0.00,115.209070,35.421156,807.33,0.00571060
2012,39,1,75.35,115.208544,35.421681,672.77,0.00436437
2012,39,2,150.70,115.207722,35.421695,687.72,0.00000000
2012,39,3,226.06,115.207049,35.421964,642.87,-0.00150907
2012,39,4,301.41,115.206375,35.422234,642.87,0.00000000
2012,4,0,0.00,115.241679,35.426545,598.02,0.00112631
2012,4,1,97.28,115.242456,35.427053,568.12,0.00056316
2012,4,2,194.56,115.243135,35.427732,553.17,-0.00000000
2012,4,3,291.84,115.243912,35.428240,538.22,0.00214252
2012,4,4,389.11,115.244590,35.428918,538.22,0.00379027
2012,4,5,486.39,115.244643,35.429779,553.17,0.00329550
2012,40,0,0.00,115.209070,35.421156,1046.54,0.00000000
2012,40,1,87.86,115.208457,35.420543,1031.59,0.00130564
2012,40,2,175.72,115.207844,35.419930,1330.60,0.00268198
2012,40,3,263.58,115.207649,35.419195,1345.55,0.00137634
2012,40,4,351.44,115.207453,35.418461,254.16,-0.00000000
2012,42,0,0.00,115.258387,35.443793,583.07,-0.00160353
2012,42,1,94.75,115.259048,35.444454,672.77,-0.00114661
2012,42,2,189.49,115.259850,35.444871,657.82,0.00049241
2012,42,3,284.24,115.260568,35.445434,642.87,0.00059508
2012,42,4,378.99,115.261229,35.446095,672.77,-0.00024217
2012,42,5,473.74,115.261988,35.446586,672.77,-0.00059508
2012,42,6,568.48,115.262649,35.447246,702.67,-0.00186602
2012,42,7,663.23,115.263508,35.447566,747.53,-0.00254190
2012,43,0,0.00,115.206375,35.422234,822.28,-0.00094298
2012,43,1,82.57,115.205836,35.422820,971.78,-0.00096029
2012,43,2,165.14,115.205432,35.423446,1076.44,0.00000000
2012,43,3,247.71,115.205028,35.424072,837.23,0.00096029
2012,43,4,330.28,115.204489,35.424659,732.58,0.00094298
2012,44,0,0.00,115.206375,35.422234,852.18,-0.00303516
2012,44,1,76.97,115.205683,35.421964,538.22,-0.00288672
2012,44,2,153.93,115.204836,35.421964,627.92,-0.00136914
2012,44,3,230.90,115.203989,35.421964,448.52,0.00000000
2012,44,4,307.86,115.203141,35.421964,448.52,0.00000000
2012,45,0,0.00,115.207453,35.418461,807.33,-0.01144924
2012,45,1,31.56,115.207772,35.418411,807.33,-0.01105599
2012,45,2,63.12,115.207992,35.418191,926.93,-0.01066273
2012,46,0,0.00,115.207453,35.418461,657.82,-0.00653403
2012,46,1,97.39,115.206982,35.417720,598.02,-0.00700374
2012,46,2,194.77,115.206105,35.417922,598.02,-0.00747344
2012,47,0,0.00,115.263508,35.447566,867.13,-0.00380687
2012,47,1,73.07,115.263809,35.448137,702.67,-0.00494619
2012,47,2,146.14,115.264417,35.448476,672.77,-0.00411915
2012,47,3,219.20,115.265125,35.448644,732.58,-0.00215279
2012,48,0,0.00,115.263508,35.447566,1794.06,-0.00000000
2012,48,1,99.16,115.264200,35.446874,1794.06,-0.00000000
2012,48,2,198.33,115.264891,35.446183,1794.06,0.00104347
2012,48,3,297.49,115.265583,35.445491,837.23,0.00220001
2012,48,4,396.65,115.266472,35.445141,777.43,0.00231309
2012,49,0,0.00,115.204489,35.424659,538.22,0.00427112
2012,49,1,84.67,115.204041,35.425198,568.12,0.00462904
2012,49,2,169.35,115.203220,35.425389,448.52,0.00298161
2012,49,3,254.02,115.202333,35.425467,463.47,0.00097625
2012,5,0,0.00,115.238714,35.425467,777.43,0.00235594
2012,5,1,97.91,115.237636,35.425467,642.87,0.00471460
2012,5,2,195.82,115.236828,35.425105,463.47,0.00647983
2012,5,3,293.72,115.236558,35.424301,687.72,0.00539365
2012,5,4,391.63,115.236684,35.423455,1255.84,0.00386699
2012,5,5,489.54,115.237367,35.422773,1794.06,0.00283307
2012,50,0,0.00,115.204489,35.424659,807.33,-0.00920761
2012,50,1,43.79,115.204162,35.424389,762.48,-0.00901916
2012,50,2,87.59,115.203680,35.424389,463.47,-0.00883072
2012,51,0,0.00,115.203141,35.421964,1091.39,0.00145104
2012,51,1,84.55,115.202760,35.422615,971.78,0.00141233
2012,51,2,169.10,115.202170,35.423204,702.67,0.00309632
2012,51,3,253.65,115.201580,35.423794,388.71,0.00614542
2012,51,4,338.20,115.200694,35.423829,478.42,0.00499815
2012,51,5,422.75,115.199907,35.423581,523.27,0.00252449
2012,52,0,0.00,115.203141,35.421964,867.13,-0.00436789
2012,52,1,90.17,115.202460,35.421425,523.27,-0.00426238
2012,52,2,180.33,115.201467,35.421425,478.42,-0.00306568
2012,52,3,270.50,115.200474,35.421425,373.76,-0.00207844
2012,52,4,360.67,115.199638,35.421695,523.27,-0.00218240
2012,53,0,0.00,115.265125,35.448644,702.67,-0.00127870
2012,53,1,89.89,115.265543,35.449332,702.67,-0.00245917
2012,53,2,179.79,115.266170,35.449959,627.92,-0.00330120
2012,53,3,269.68,115.266986,35.450261,657.82,-0.00161737
2012,53,4,359.57,115.267820,35.450530,747.53,-0.00027197
2012,54,0,0.00,115.265125,35.448644,1794.06,-0.00000000
2012,54,1,86.33,115.265727,35.448042,1794.06,-0.00000000
2012,54,2,172.66,115.266329,35.447440,1779.11,0.00000000
2012,54,3,258.99,115.266931,35.446837,1644.56,0.00160123
2012,54,4,345.32,115.267534,35.446235,687.72,0.00818307
2012,54,5,431.65,115.268235,35.446094,717.63,0.01000307
2012,54,6,517.99,115.268628,35.446758,747.53,0.00684246
2012,55,0,0.00,115.199907,35.423581,941.88,-0.00000000
2012,55,1,19.32,115.199772,35.423446,926.93,-0.00000000
2012,55,2,38.64,115.199638,35.423312,956.83,-0.00000000
2012,56,0,0.00,115.199907,35.423581,1240.89,-0.00275264
2012,56,1,87.86,115.200103,35.424316,956.83,-0.00268194
2012,56,2,175.72,115.200716,35.424928,807.33,-0.00261125
2012,57,0,0.00,115.199638,35.423312,1001.69,0.00000000
2012,57,1,89.70,115.199638,35.422503,1794.06,0.00000000
2012,57,2,179.40,115.199638,35.421695,1794.06,0.00000000
2012,58,0,0.00,115.199638,35.423312,792.38,0.00484700
2012,58,1,92.09,115.198995,35.423954,538.22,0.00658425
2012,58,2,184.19,115.198233,35.423851,553.17,0.00544483
2012,58,3,276.28,115.197414,35.423514,583.07,0.00180775
2012,58,4,368.37,115.196673,35.423042,627.92,0.00104734
2012,59,0,0.00,115.199638,35.421695,538.22,0.00000000
2012,59,1,89.74,115.198649,35.421695,478.42,0.00000000
2012,59,2,179.48,115.197661,35.421695,448.52,0.00000000
2012,59,3,269.22,115.196673,35.421695,448.52,0.00000000
2012,6,0,0.00,115.238714,35.425467,971.78,0.00196811
2012,6,1,72.91,115.239014,35.424898,1599.71,0.00191235
2012,6,2,145.82,115.239523,35.424389,1794.06,0.00185660
2012,61,0,0.00,115.267820,35.450530,747.53,-0.00355535
2012,61,1,94.65,115.268480,35.451191,657.82,-0.00368659
2012,61,2,189.30,115.269437,35.451339,807.33,-0.00381783
2012,62,0,0.00,115.267820,35.450530,1794.06,-0.00000000
2012,62,1,95.96,115.268489,35.449861,1674.46,-0.00000000
2012,62,2,191.91,115.269158,35.449192,1450.20,0.00121826
2012,62,3,287.87,115.269828,35.448522,807.33,0.00808428
2012,62,4,383.83,115.270497,35.448357,657.82,0.01086078
2012,62,5,479.78,115.270784,35.449138,1016.64,0.00652333
2012,62,6,575.74,115.270775,35.450000,1091.39,0.00429086
2012,62,7,671.69,115.270106,35.450670,1495.05,0.00176229
2012,62,8,767.65,115.269437,35.451339,1734.26,-0.00000000
2012,63,0,0.00,115.200716,35.424928,194.36,0.00000000
2012,63,1,29.90,115.200716,35.425198,164.46,0.00000000
2012,63,2,59.80,115.200716,35.425467,104.65,0.00000000
2012,64,0,0.00,115.200716,35.424928,553.17,0.00000000
2012,64,1,19.32,115.200850,35.424794,837.23,0.00000000
2012,64,2,38.64,115.200985,35.424659,807.33,0.00000000
2012,65,0,0.00,115.196673,35.423042,612.97,0.00000000
2012,65,1,74.75,115.196673,35.422368,1794.06,0.00000000
2012,65,2,149.50,115.196673,35.421695,1794.06,0.00000000
2012,66,0,0.00,115.196673,35.423042,792.38,0.00361197
2012,66,1,97.03,115.195996,35.423719,538.22,0.00598805
2012,66,2,194.06,115.195004,35.423851,328.91,0.00644444
2012,66,3,291.09,115.194248,35.423312,463.47,0.00452475
2012,68,0,0.00,115.196673,35.421695,508.32,-0.00260315
2012,68,1,82.87,115.195917,35.421425,373.76,-0.00365191
2012,68,2,165.74,115.195004,35.421425,358.81,-0.00365191
2012,68,3,248.60,115.194248,35.421695,358.81,-0.00260315
2012,69,0,0.00,115.269437,35.451339,777.43,0.00000000
2012,69,1,88.68,115.269847,35.452018,717.63,-0.00065754
2012,69,2,177.35,115.270257,35.452698,672.77,-0.00191225
2012,69,3,266.03,115.270875,35.453316,657.82,-0.00193843
2012,69,4,354.70,115.271593,35.453764,642.87,-0.00136744
2012,7,0,0.00,115.239523,35.424389,538.22,-0.00111370
2012,7,1,78.06,115.239253,35.423765,493.37,-0.00340349
2012,7,2,156.13,115.238851,35.423179,448.52,-0.00526389
2012,7,3,234.19,115.238109,35.422976,493.37,-0.00241726
2012,7,4,312.25,115.237367,35.422773,553.17,0.00000000
2012,70,0,0.00,115.200716,35.425467,538.22,-0.00202972
2012,70,1,75.35,115.201439,35.425283,523.27,-0.00202599
2012,70,2,150.70,115.202063,35.424928,598.02,-0.00202227
2012,71,0,0.00,115.200716,35.425467,508.32,0.00306893
2012,71,1,95.74,115.199973,35.426006,373.76,0.00291705
2012,71,2,191.49,115.198985,35.426120,343.86,0.00123773
2012,71,3,287.23,115.198021,35.426276,493.37,-0.00028970
2012,72,0,0.00,115.194248,35.423312,343.86,0.00803124
2012,72,1,79.86,115.193524,35.423581,343.86,0.00797601
2012,72,2,159.71,115.192936,35.423078,672.77,0.00419907
2012,72,3,239.57,115.192379,35.422521,702.67,0.00023868
2012,72,4,319.42,115.191822,35.421964,732.58,-0.00000000
2012,73,0,0.00,115.194248,35.423312,882.08,0.00000000
2012,73,1,89.70,115.194248,35.422503,1689.41,0.00000000
2012,73,2,179.40,115.194248,35.421695,1794.06,0.00000000
2012,75,0,0.00,115.194248,35.421695,373.76,0.00000000
2012,75,1,87.59,115.193439,35.421425,508.32,0.00000000
2012,75,2,175.18,115.192631,35.421156,463.47,0.00000000
2012,76,0,0.00,115.271593,35.453764,732.58,-0.00325671
2012,76,1,97.88,115.271650,35.454630,627.92,-0.00322729
2012,76,2,195.77,115.272333,35.455313,568.12,-0.00159893
2012,76,3,293.65,115.273015,35.455996,538.22,0.00022471
2012,76,4,391.54,115.273698,35.456678,538.22,0.00050998
2012,76,5,489.42,115.274288,35.457389,478.42,0.00005296
2012,76,6,587.30,115.274855,35.458105,508.32,-0.00050998
2012,76,7,685.19,115.275538,35.458788,538.22,-0.00027767
2012,76,8,783.07,115.276221,35.459471,493.37,-0.00051599
2012,76,9,880.96,115.276904,35.460154,493.37,0.00000000
2012,76,10,978.84,115.277686,35.460666,508.32,0.00051599
2012,76,11,1076.72,115.278160,35.461409,493.37,-0.00051599
2012,76,12,1174.61,115.278941,35.461922,493.37,-0.00000000
2012,76,13,1272.49,115.279624,35.462604,493.37,0.00051599
2012,76,14,1370.38,115.280307,35.463287,493.37,-0.00051599
2012,76,15,1468.26,115.280990,35.463970,478.42,-0.00051599
2012,76,16,1566.14,115.281772,35.464482,448.52,0.00051599
2012,76,17,1664.03,115.282454,35.465165,463.47,0.00051599
2012,76,18,1761.91,115.283137,35.465848,448.52,-0.00000000
2012,76,19,1859.80,115.283820,35.466531,493.37,-0.00035331
2012,76,20,1957.68,115.284503,35.467214,493.37,-0.00051599
2012,76,21,2055.56,115.285254,35.467778,508.32,-0.00032912
2012,76,22,2153.45,115.285967,35.468409,523.27,0.00051599
2012,76,23,2251.33,115.286749,35.468921,553.17,0.00172886
2012,76,24,2349.21,115.287223,35.469665,538.22,0.00209286
2012,77,0,0.00,115.271593,35.453764,1794.06,0.00000000
2012,77,1,76.30,115.272125,35.453232,1405.35,0.00000000
2012,77,2,152.60,115.272657,35.452700,1225.94,0.00278170
2012,77,3,228.90,115.273189,35.452168,1405.35,0.00560403
2012,77,4,305.20,115.274018,35.452147,807.33,0.00564467
2012,78,0,0.00,115.191822,35.421964,418.61,0.00186302
2012,78,1,92.74,115.190801,35.421964,448.52,0.00196019
2012,78,2,185.49,115.189936,35.421695,463.47,0.00205736
2012,79,0,0.00,115.191822,35.421964,538.22,0.00000000
2012,79,1,57.96,115.192227,35.421560,508.32,0.00000000
2012,79,2,115.92,115.192631,35.421156,508.32,0.00000000
2012,80,0,0.00,115.192631,35.421156,1794.06,0.00000000
2012,80,1,89.70,115.192631,35.420347,1794.06,0.00000000
2012,80,2,179.40,115.192631,35.419539,149.51,0.00000000
2012,82,0,0.00,115.287223,35.469665,1794.06,-0.00000000
2012,82,1,77.26,115.286684,35.470204,1794.06,-0.00000000
2012,82,2,154.52,115.286145,35.470743,1375.45,0.00000000
2012,82,3,231.78,115.285606,35.471282,1091.39,0.00000000
2012,82,4,309.04,115.285067,35.471821,657.82,0.00000000
2012,83,0,0.00,115.287223,35.469665,508.32,-0.00000000
2012,83,1,38.63,115.287493,35.469934,508.32,-0.00000000
2012,83,2,77.26,115.287762,35.470204,553.17,-0.00000000
2012,84,0,0.00,115.189936,35.421695,1794.06,0.00000000
2012,84,1,92.61,115.189936,35.420860,1794.06,-0.00074396
2012,84,2,185.23,115.189936,35.420025,852.18,-0.00153287
2012,84,3,277.84,115.189666,35.419269,852.18,-0.00157781
2012,85,0,0.00,115.189936,35.421695,478.42,0.00576694
2012,85,1,71.27,115.189340,35.421907,433.57,0.00588687
2012,85,2,142.55,115.188678,35.421695,418.61,0.00338367
2012,85,3,213.82,115.188049,35.421425,418.61,0.00076053
2012,86,0,0.00,115.287762,35.470204,1794.06,-0.00000000
2012,86,1,77.26,115.287223,35.470743,1689.41,-0.00000000
2012,86,2,154.52,115.286684,35.471282,1315.65,-0.00000000
2012,86,3,231.78,115.286145,35.471821,1031.59,0.00000000
2012,86,4,309.04,115.285606,35.472360,657.82,0.00000000
2012,87,0,0.00,115.287762,35.470204,598.02,0.00107155
2012,87,1,99.61,115.288556,35.470728,538.22,0.00053578
2012,87,2,199.21,115.289251,35.471423,553.17,0.00000000
2012,87,3,298.82,115.290045,35.471947,568.12,0.00000587
2012,87,4,398.42,115.290740,35.472642,568.12,0.00036358
2012,87,5,498.03,115.291532,35.473168,583.07,0.00048616
2012,87,6,597.64,115.292074,35.473906,553.17,-0.00077578
2012,87,7,697.24,115.292813,35.474446,612.97,-0.00159254
2012,87,8,796.85,115.293607,35.474970,568.12,-0.00126928
2012,87,9,896.46,115.294500,35.475324,612.97,-0.00116195
2012,88,0,0.00,115.188049,35.421425,1794.06,0.00240120
2012,88,1,86.66,115.188049,35.420644,1554.85,0.00388687
2012,88,2,173.33,115.188424,35.419972,837.23,0.00413644
2012,88,3,259.99,115.189127,35.419539,538.22,0.00290034
2012,89,0,0.00,115.188049,35.421425,657.82,0.00920709
2012,89,1,43.79,115.187723,35.421695,508.32,0.00901865
2012,89,2,87.59,115.187241,35.421695,388.71,0.00883021
2012,9,0,0.00,115.244643,35.429779,583.07,0.00388293
2012,9,1,98.15,115.245452,35.430144,508.32,0.00331419
2012,9,2,196.30,115.245793,35.430929,433.57,0.00055288
2012,9,3,294.45,115.246274,35.431666,478.42,-0.00134536
2012,9,4,392.60,115.246844,35.432249,463.47,-0.00055288
2012,9,5,490.75,115.247528,35.432934,463.47,-0.00002737
2012,9,6,588.90,115.248213,35.433619,493.37,0.00000000
2012,9,7,687.05,115.248898,35.434303,463.47,0.00043615
2012,9,8,785.20,115.249582,35.434988,508.32,-0.00000000
2012,9,9,883.35,115.250073,35.435708,493.37,-0.00133603
2012,9,10,981.50,115.250842,35.436247,478.42,-0.00179975
2012,90,0,0.00,115.294500,35.475324,583.07,-0.00216250
2012,90,1,69.63,115.294777,35.475871,553.17,-0.00313674
2012,90,2,139.25,115.295263,35.476356,523.27,-0.00319186
2012,90,3,208.88,115.295847,35.476671,538.22,-0.00227273
2012,91,0,0.00,115.294500,35.475324,1794.06,0.00000000
2012,91,1,77.26,115.295039,35.474785,1794.06,0.00000000
2012,91,2,154.52,115.295578,35.474246,1599.71,-0.00000000
2012,91,3,231.78,115.296117,35.473707,867.13,-0.00000000
2012,92,0,0.00,115.187241,35.421695,553.17,-0.00518167
2012,92,1,81.92,115.186651,35.421156,508.32,-0.00512717
2012,92,2,163.85,115.185749,35.421156,418.61,-0.00253633
2012,92,3,245.77,115.184847,35.421156,269.11,-0.00120332
2012,92,4,327.69,115.183945,35.421156,418.61,-0.00253633
2012,92,5,409.62,115.183198,35.421425,508.32,-0.00266602
2012,93,0,0.00,115.187241,35.421695,732.58,0.00000000
2012,93,1,89.78,115.186615,35.422321,747.53,0.00206378
2012,93,2,179.56,115.185989,35.422947,463.47,0.00573479
2012,93,3,269.33,115.185055,35.423042,284.06,0.00658598
2012,93,4,359.11,115.184242,35.422738,538.22,0.00472916
2012,93,5,448.89,115.183616,35.422112,807.33,0.00245539
2012,93,6,538.67,115.183198,35.421425,1061.49,0.00128239
2012,94,0,0.00,115.295847,35.476671,523.27,-0.00110354
2012,94,1,98.81,115.296427,35.477251,523.27,-0.00105090
2012,94,2,197.62,115.297215,35.477770,523.27,0.00004568
2012,94,3,296.43,115.298003,35.478289,523.27,0.00105090
2012,94,4,395.24,115.298693,35.478978,508.32,0.00050609
2012,94,5,494.04,115.299382,35.479667,508.32,-0.00050609
2012,94,6,592.85,115.300071,35.480357,493.37,-0.00050609
2012,94,7,691.66,115.300860,35.480875,493.37,0.00000000
2012,94,8,790.47,115.301549,35.481565,448.52,-0.00054482
2012,94,9,889.28,115.302337,35.482084,418.61,-0.00048485
2012,94,10,988.09,115.303126,35.482602,418.61,0.00054482
2012,94,11,1086.90,115.303903,35.483139,358.81,-0.00012027
2012,94,12,1185.71,115.304603,35.483810,358.81,-0.00085031
2012,94,13,1284.52,115.305490,35.484159,388.71,0.00006031
2012,94,14,1383.33,115.306233,35.484756,418.61,-0.00054113
2012,94,15,1482.13,115.307067,35.485196,343.86,-0.00116488
2012,94,16,1580.94,115.307954,35.485544,388.71,-0.00031826
2012,94,17,1679.75,115.308841,35.485892,343.86,0.00059059
2012,94,18,1778.56,115.309728,35.486240,388.71,0.00059059
2012,94,19,1877.37,115.310516,35.486759,343.86,-0.00060524
2012,94,20,1976.18,115.311403,35.487107,343.86,-0.00087860
2012,94,21,2074.99,115.312293,35.487451,299.01,-0.00053069
2012,94,22,2173.80,115.313226,35.487721,299.01,-0.00025733
2012,94,23,2272.61,115.314158,35.487990,299.01,-0.00007725
2012,94,24,2371.41,115.315091,35.488260,299.01,-0.00000000
2012,94,25,2470.22,115.316037,35.488507,299.01,-0.00075110
2012,94,26,2569.03,115.316956,35.488799,299.01,-0.00090083
2012,94,27,2667.84,115.318045,35.488799,299.01,0.00041656
2012,94,28,2766.65,115.318978,35.489068,299.01,0.00000000
2012,94,29,2865.46,115.319981,35.489217,299.01,-0.00009275
2012,94,30,2964.27,115.321000,35.489338,299.01,0.00090083
2012,94,31,3063.08,115.321932,35.489607,269.11,-0.00039629
2012,94,32,3161.89,115.322865,35.489877,299.01,-0.00171843
2012,94,33,3260.70,115.323954,35.489877,239.21,0.00000000
2012,94,34,3359.50,115.325043,35.489877,299.01,0.00081760
2012,94,35,3458.31,115.325975,35.490146,269.11,-0.00081760
2012,94,36,3557.12,115.327064,35.490146,209.31,-0.00163519
2012,94,37,3655.93,115.328153,35.490146,269.11,-0.00081760
2012,94,38,3754.74,115.329086,35.489877,328.91,0.00081760
2012,94,39,3853.55,115.330175,35.489877,328.91,0.00081760
2012,94,40,3952.36,115.331264,35.489877,358.81,0.00000000
2012,94,41,4051.17,115.332352,35.489877,388.71,0.00000000
2012,94,42,4149.98,115.333441,35.489877,388.71,0.00081760
2012,94,43,4248.79,115.334530,35.489877,388.71,0.00171843
2012,94,44,4347.59,115.335463,35.490146,433.57,0.00180166
2012,95,0,0.00,115.295847,35.476671,1794.06,-0.00000000
2012,95,1,98.29,115.296533,35.475986,1794.06,0.00051161
2012,95,2,196.58,115.297219,35.475300,1794.06,0.00106253
2012,95,3,294.87,115.298003,35.474785,672.77,0.00110184
2012,96,0,0.00,115.183198,35.421425,388.71,-0.00249499
2012,96,1,80.51,115.182312,35.421425,418.61,-0.00262978
2012,96,2,161.01,115.181581,35.421695,448.52,-0.00276456
2012,97,0,0.00,115.335463,35.490146,1794.06,-0.00053927
2012,97,1,80.14,115.335463,35.490869,1495.05,-0.00441782
2012,97,2,160.28,115.335538,35.491569,583.07,-0.01491270
2012,97,3,240.43,115.336196,35.491569,568.12,-0.01491270
2012,97,4,320.57,115.336271,35.490869,1794.06,-0.00441782
2012,97,5,400.71,115.336271,35.490146,1794.06,-0.00053927
2012,98,0,0.00,115.335463,35.490146,553.17,0.01344844
2012,98,1,50.85,115.335867,35.489877,358.81,0.01344844
2012,98,2,101.71,115.336271,35.490146,493.37,0.01344844
2012,99,0,0.00,115.181581,35.421695,1794.06,0.00000000
2012,99,1,74.75,115.181581,35.422368,1345.55,0.00000000
2012,99,2,149.50,115.181581,35.423042,926.93,0.00000000
